time,latitude,longitude,altitude,speed,bearing,num_of_satellites,HDOP
51901,5441.7283,2518.4308,-13.3,28.83,37.71,5,1.83
51901,5441.7283,2518.4308,-13.3,28.86,37.11,5,1.83
51902,5441.7344,2518.4391,-13.5,28.86,37.11,5,1.83
51902,5441.7344,2518.4391,-13.5,29.44,38.39,5,1.83
51903,5441.7408,2518.4478,-14.3,29.44,38.39,6,1.41
51903,5441.7408,2518.4478,-14.3,29.6,40.19,6,1.41
51904,5441.7473,2518.4571,-15,29.6,40.19,6,1.41
51904,5441.7473,2518.4571,-15,30.43,43.29,6,1.41
51905,5441.7535,2518.4668,-15.4,30.43,43.29,6,1.1
51905,5441.7535,2518.4668,-15.4,30.43,41.88,6,1.1
51906,5441.7599,2518.4762,-15.8,30.43,41.88,7,1.15
51906,5441.7599,2518.4762,-15.8,30.76,39.51,7,1.15
51907,5441.7666,2518.4856,-16,30.76,39.51,6,1.41
51907,5441.7666,2518.4856,-16,30.43,37.8,6,1.41
51908,5441.7731,2518.4945,-16,30.43,37.8,7,1.15
51908,5441.7731,2518.4945,-16,31.83,35.58,7,1.15
51909,5441.78,2518.5034,-16.1,31.83,35.58,7,1.15
51909,5441.78,2518.5034,-16.1,33.45,31.83,7,1.15
51910,5441.7875,2518.5119,-16.1,33.45,31.83,7,1.03
51910,5441.7875,2518.5119,-16.1,33.69,27.53,7,1.03
51911,5441.7953,2518.5191,-15.7,33.69,27.53,7,1.03
51911,5441.7953,2518.5191,-15.7,34.36,25.18,7,1.03
51912,5441.8037,2518.5258,-15.7,34.36,25.18,7,1.03
51912,5441.8037,2518.5258,-15.7,34.86,21.43,7,1.03
51913,5441.8124,2518.5317,-15.7,34.86,21.43,7,1.03
51913,5441.8124,2518.5317,-15.7,37.04,15.6,7,1.03
51914,5441.8215,2518.5362,-15.6,37.04,15.6,7,1.03
51914,5441.8215,2518.5362,-15.6,36.55,11.25,7,1.03
51915,5441.8311,2518.5383,-15.6,36.55,11.25,7,1.15
51915,5441.8311,2518.5383,-15.6,36.11,8.39,7,1.15
51916,5441.8409,2518.5395,-15.5,36.11,8.39,7,1.15
51916,5441.8409,2518.5395,-15.5,38.5,7.23,7,1.15
51917,5441.851,2518.54,-15,38.5,7.23,7,1.03
51917,5441.851,2518.54,-15,39.22,6.07,7,1.03
51918,5441.8615,2518.54,-14.5,39.22,6.07,7,1.03
51918,5441.8615,2518.54,-14.5,38.71,1.61,7,1.03
51919,5441.8764,2518.5261,-13.3,38.71,1.61,7,1.34
51919,5441.8764,2518.5261,-13.3,39.98,3.59,7,1.34
51920,5441.8862,2518.5247,-10.7,39.98,3.59,8,0.94
51920,5441.8862,2518.5247,-10.7,40.88,4.41,8,0.94
51921,5441.8966,2518.5249,-8.4,40.88,4.41,8,1
51921,5441.8966,2518.5249,-8.4,41.16,4.2,8,1
51922,5441.9075,2518.5248,-6,41.16,4.2,8,0.94
51922,5441.9075,2518.5248,-6,41.61,5.26,8,0.94
51923,5441.9184,2518.5252,-3.7,41.61,5.26,8,1
51923,5441.9184,2518.5252,-3.7,41.96,3.78,8,1
51924,5441.9295,2518.5255,-1.3,41.96,3.78,8,1
51924,5441.9295,2518.5255,-1.3,42.4,4.51,8,1
51925,5441.9407,2518.5259,1,42.4,4.51,8,1
51925,5441.9407,2518.5259,1,42.1,3.89,8,1
51926,5441.9519,2518.5266,2.7,42.1,3.89,8,1
51926,5441.9519,2518.5266,2.7,41.83,3.49,8,1
51927,5441.963,2518.5268,3.8,41.83,3.49,8,0.94
51927,5441.963,2518.5268,3.8,40.8,3.78,8,0.94
51928,5441.9743,2518.5278,4.8,40.8,3.78,8,0.94
51928,5441.9743,2518.5278,4.8,39.48,4.29,8,0.94
51929,5441.9852,2518.5292,5.6,39.48,4.29,8,1
51929,5441.9852,2518.5292,5.6,39.82,5.12,8,1
51930,5441.9957,2518.5305,7,39.82,5.12,8,0.94
51930,5441.9957,2518.5305,7,41.15,6.48,8,0.94
51931,5442.0066,2518.5322,8.1,41.15,6.48,8,1
51931,5442.0066,2518.5322,8.1,41.44,7.57,8,1
51932,5442.0175,2518.5337,9.2,41.44,7.57,8,0.94
51932,5442.0175,2518.5337,9.2,42.69,8.44,8,0.94
51933,5442.0288,2518.5364,9.8,42.69,8.44,8,0.94
51933,5442.0288,2518.5364,9.8,43.3,8.05,8,0.94
51934,5442.0404,2518.5401,10.4,43.3,8.05,8,1
51934,5442.0404,2518.5401,10.4,42.98,7.21,8,1
51935,5442.0521,2518.5425,11.6,42.98,7.21,8,0.94
51935,5442.0521,2518.5425,11.6,43.6,7.6,8,0.94
51936,5442.0638,2518.5453,12.5,43.6,7.6,8,0.94
51936,5442.0638,2518.5453,12.5,43.58,8.38,8,0.94
51937,5442.0754,2518.5481,12.8,43.58,8.38,8,0.94
51937,5442.0754,2518.5481,12.8,43.1,11.03,8,0.94
51938,5442.087,2518.5529,13,43.1,11.03,8,0.94
51938,5442.087,2518.5529,13,43.07,12.01,8,0.94
51939,5442.0985,2518.5578,13.2,43.07,12.01,8,0.94
51939,5442.0985,2518.5578,13.2,42.53,12.74,8,0.94
51940,5442.11,2518.5632,13.3,42.53,12.74,8,0.94
51940,5442.11,2518.5632,13.3,41.31,12.94,8,0.94
51941,5442.121,2518.5687,13.4,41.31,12.94,8,0.94
51941,5442.121,2518.5687,13.4,40.8,12.43,8,0.94
51942,5442.132,2518.5744,13.2,40.8,12.43,8,0.94
51942,5442.132,2518.5744,13.2,40.74,11.35,8,0.94
51943,5442.1431,2518.5778,14,40.74,11.35,7,1.01
51943,5442.1431,2518.5778,14,40.03,10.12,7,1.01
51944,5442.154,2518.5807,14.9,40.03,10.12,6,1.14
51944,5442.154,2518.5807,14.9,39.81,9.04,6,1.14
51945,5442.1648,2518.583,15.7,39.81,9.04,6,1.14
51945,5442.1648,2518.583,15.7,39.15,10.31,6,1.14
51946,5442.1755,2518.5866,15.8,39.15,10.31,6,1.14
51946,5442.1755,2518.5866,15.8,38.56,9.97,6,1.14
51947,5442.1858,2518.5907,15.7,38.56,9.97,7,1.01
51947,5442.1858,2518.5907,15.7,38.26,10.24,7,1.01
51948,5442.1963,2518.5935,16.6,38.26,10.24,8,0.94
51948,5442.1963,2518.5935,16.6,38.08,10.72,8,0.94
51949,5442.2052,2518.597,16.8,38.08,10.72,7,1.05
51949,5442.2052,2518.597,16.8,33.24,12.27,7,1.05
51950,5442.2138,2518.6011,17.4,33.24,12.27,9,0.86
51950,5442.2138,2518.6011,17.4,30.2,13.05,9,0.86
51951,5442.2218,2518.6044,17.6,30.2,13.05,9,0.94
51951,5442.2218,2518.6044,17.6,28.23,13.14,9,0.94
51952,5442.2294,2518.6079,17.8,28.23,13.14,8,0.92
51952,5442.2294,2518.6079,17.8,26.31,14.02,8,0.92
51953,5442.2363,2518.6114,17.3,26.31,14.02,8,0.92
51953,5442.2363,2518.6114,17.3,24.6,13.44,8,0.92
51954,5442.2426,2518.6119,17.1,24.6,13.44,9,0.86
51954,5442.2426,2518.6119,17.1,24.09,13.45,9,0.86
51955,5442.2503,2518.6133,19.1,24.09,13.45,9,0.86
51955,5442.2503,2518.6133,19.1,23.07,13.13,9,0.86
51956,5442.2562,2518.6163,19.5,23.07,13.13,9,0.86
51956,5442.2562,2518.6163,19.5,23.5,11.45,9,0.86
51957,5442.2622,2518.6188,20.3,23.5,11.45,9,0.94
51957,5442.2622,2518.6188,20.3,22.65,12.25,9,0.94
51958,5442.2682,2518.6214,21.3,22.65,12.25,9,0.86
51958,5442.2682,2518.6214,21.3,20.12,13.87,9,0.86
51959,5442.2736,2518.6242,22.6,20.12,13.87,8,0.94
51959,5442.2736,2518.6242,22.6,18.33,14.2,8,0.94
52000,5442.2785,2518.6269,23.8,18.33,14.2,9,0.94
52000,5442.2785,2518.6269,23.8,15.74,14.58,9,0.94
52001,5442.2826,2518.629,25.1,15.74,14.58,9,0.86
52001,5442.2826,2518.629,25.1,12.45,12.15,9,0.86
52002,5442.2864,2518.6299,27.3,12.45,12.15,9,0.86
52002,5442.2864,2518.6299,27.3,8.91,9.21,9,0.86
52003,5442.2889,2518.6308,27.3,8.91,9.21,9,0.86
52003,5442.2889,2518.6308,27.3,6.47,6.83,9,0.86
52004,5442.2907,2518.6314,27.3,6.47,6.83,9,0.86
52004,5442.2907,2518.6314,27.3,3.56,353.57,9,0.86
52005,5442.2915,2518.6314,27.2,3.56,353.57,9,0.86
52005,5442.2915,2518.6314,27.2,2.3,353.57,9,0.86
52006,5442.2918,2518.6312,27.1,2.3,353.57,9,0.86
52006,5442.2918,2518.6312,27.1,0.1,353.57,9,0.86
52007,5442.2917,2518.6311,27,0.1,353.57,8,0.92
52007,5442.2917,2518.6311,27,0,353.57,8,0.92
52008,5442.2914,2518.6311,27,0,353.57,8,0.92
52008,5442.2914,2518.6311,27,0,353.57,8,0.92
52009,5442.2913,2518.631,27,0,353.57,8,0.92
52009,5442.2913,2518.631,27,0,353.57,8,0.92
52010,5442.2914,2518.6309,27.1,0,353.57,9,0.86
52010,5442.2914,2518.6309,27.1,0,353.57,9,0.86
52011,5442.2914,2518.6309,27.1,0,353.57,8,0.92
52011,5442.2914,2518.6309,27.1,0,353.57,8,0.92
52012,5442.2914,2518.6309,27.1,0,353.57,9,0.86
52012,5442.2914,2518.6309,27.1,0,353.57,9,0.86
52013,5442.2914,2518.6309,27.1,0,353.57,9,0.86
52013,5442.2914,2518.6309,27.1,0,353.57,9,0.86
52014,5442.2914,2518.6309,27.1,0,353.57,9,0.86
52014,5442.2914,2518.6309,27.1,0,353.57,9,0.86
52015,5442.2914,2518.6309,27.1,0,353.57,9,0.86
52015,5442.2914,2518.6309,27.1,0,353.57,9,0.86
52016,5442.2914,2518.6309,27.1,0,353.57,9,0.86
52016,5442.2914,2518.6309,27.1,0,353.57,9,0.86
52017,5442.2914,2518.6309,27.1,0,353.57,9,0.86
52017,5442.2914,2518.6309,27.1,0,353.57,9,0.86
52018,5442.2914,2518.6309,27.1,0,353.57,9,0.86
52018,5442.2914,2518.6309,27.1,0,353.57,9,0.86
52019,5442.2914,2518.6309,27.1,0,353.57,9,0.86
52019,5442.2914,2518.6309,27.1,0.96,28.66,9,0.86
52020,5442.2914,2518.6309,27.1,0.96,28.66,9,0.86
52020,5442.2914,2518.6309,27.1,0,353.57,9,0.86
52021,5442.2914,2518.6309,27.1,0,353.57,9,0.86
52021,5442.2914,2518.6309,27.1,0,353.57,9,0.86
52022,5442.2914,2518.6309,27.1,0,353.57,9,0.86
52022,5442.2914,2518.6309,27.1,0,353.57,9,0.86
52023,5442.2914,2518.6309,27.1,0,353.57,9,0.86
52023,5442.2914,2518.6309,27.1,0,353.57,9,0.86
52024,5442.2914,2518.6309,27.1,0,353.57,9,0.86
52024,5442.2914,2518.6309,27.1,0,353.57,9,0.86
52025,5442.2914,2518.6309,27.1,0,353.57,9,0.86
52025,5442.2914,2518.6309,27.1,0,353.57,9,0.86
52026,5442.2914,2518.6309,27.1,0,353.57,9,0.86
52026,5442.2914,2518.6309,27.1,0,353.57,9,0.86
52027,5442.2914,2518.6309,27.1,0,353.57,9,0.86
52027,5442.2914,2518.6309,27.1,0,353.57,9,0.86
52028,5442.2914,2518.6309,27.1,0,353.57,9,0.86
52028,5442.2914,2518.6309,27.1,0,353.57,9,0.86
52029,5442.2914,2518.6309,27.1,0,353.57,9,0.86
52029,5442.2914,2518.6309,27.1,0,353.57,9,0.86
52030,5442.2914,2518.6309,27.1,0,353.57,9,0.86
52030,5442.2914,2518.6309,27.1,0,353.57,9,0.86
52031,5442.2914,2518.6309,27.1,0,353.57,11,0.78
52031,5442.2914,2518.6309,27.1,0,353.57,11,0.78
52032,5442.2914,2518.6309,27.1,0,353.57,11,0.78
52032,5442.2914,2518.6309,27.1,0,353.57,11,0.78
52033,5442.2914,2518.6309,27.1,0,353.57,12,0.75
52033,5442.2914,2518.6309,27.1,0,353.57,12,0.75
52034,5442.2914,2518.6309,27.1,0,353.57,12,0.75
52034,5442.2914,2518.6309,27.1,0,353.57,12,0.75
52035,5442.2914,2518.6309,27.1,0,353.57,12,0.75
52035,5442.2914,2518.6309,27.1,0,353.57,12,0.75
52036,5442.2914,2518.6309,27.1,0,353.57,12,0.75
52036,5442.2914,2518.6309,27.1,0,353.57,12,0.75
52037,5442.2914,2518.6309,27.1,0,353.57,12,0.75
52037,5442.2914,2518.6309,27.1,0,353.57,12,0.75
52038,5442.2914,2518.6309,27.1,0,353.57,12,0.75
52038,5442.2914,2518.6309,27.1,0,353.57,12,0.75
52039,5442.2914,2518.6309,27.1,0,353.57,12,0.75
52039,5442.2914,2518.6309,27.1,0,353.57,12,0.75
52040,5442.2914,2518.6309,27.1,0,353.57,12,0.75
52040,5442.2914,2518.6309,27.1,0,353.57,12,0.75
52041,5442.2914,2518.6309,27.1,0,353.57,12,0.75
52041,5442.2914,2518.6309,27.1,0,353.57,12,0.75
52042,5442.2914,2518.6309,27.1,0,353.57,12,0.75
52042,5442.2914,2518.6309,27.1,0,353.57,12,0.75
52043,5442.2914,2518.6309,27.1,0,353.57,12,0.75
52043,5442.2914,2518.6309,27.1,0,353.57,12,0.75
52044,5442.2914,2518.6309,27.1,0,353.57,12,0.75
52044,5442.2914,2518.6309,27.1,0,353.57,12,0.75
52045,5442.2914,2518.6309,27.1,0,353.57,12,0.75
52045,5442.2914,2518.6309,27.1,0,353.57,12,0.75
52046,5442.2914,2518.6309,27.1,0,353.57,13,0.73
52046,5442.2914,2518.6309,27.1,2.17,17.77,13,0.73
52047,5442.2914,2518.6309,27.1,2.17,17.77,13,0.73
52047,5442.2914,2518.6309,27.1,7.19,13.12,13,0.73
52048,5442.2931,2518.6292,27.4,7.19,13.12,13,0.73
52048,5442.2931,2518.6292,27.4,10.67,12.57,13,0.73
52049,5442.2955,2518.6301,27.8,10.67,12.57,12,0.85
52049,5442.2955,2518.6301,27.8,12.55,13.85,12,0.85
52050,5442.2986,2518.6314,28.2,12.55,13.85,12,0.84
52050,5442.2986,2518.6314,28.2,14.37,13.26,12,0.84
52051,5442.3019,2518.6326,29.1,14.37,13.26,13,0.79
52051,5442.3019,2518.6326,29.1,17.54,13.01,13,0.79
52052,5442.3062,2518.6346,29.9,17.54,13.01,12,0.84
52052,5442.3062,2518.6346,29.9,20.42,12.46,12,0.84
52053,5442.3113,2518.6368,30.7,20.42,12.46,12,0.76
52053,5442.3113,2518.6368,30.7,22.22,11.66,12,0.76
52054,5442.3171,2518.6389,31.7,22.22,11.66,13,0.79
52054,5442.3171,2518.6389,31.7,24.34,13.07,13,0.79
52055,5442.3233,2518.6414,32.8,24.34,13.07,13,0.79
52055,5442.3233,2518.6414,32.8,25.82,12.82,13,0.79
52056,5442.3297,2518.6444,34.8,25.82,12.82,13,0.79
52056,5442.3297,2518.6444,34.8,26.94,14.56,13,0.79
52057,5442.3365,2518.6475,37.1,26.94,14.56,13,0.79
52057,5442.3365,2518.6475,37.1,27.33,16.19,13,0.79
52058,5442.3438,2518.6513,38.4,27.33,16.19,13,0.75
52058,5442.3438,2518.6513,38.4,28.63,19.72,13,0.75
52059,5442.3511,2518.6557,40.3,28.63,19.72,13,0.73
52059,5442.3511,2518.6557,40.3,30.09,21.15,13,0.73
52100,5442.3582,2518.66,44,30.09,21.15,13,0.73
52100,5442.3582,2518.66,44,29.27,23.13,13,0.73
52101,5442.3653,2518.6655,47.4,29.27,23.13,13,0.73
52101,5442.3653,2518.6655,47.4,29.96,22.79,13,0.73
52102,5442.3726,2518.6714,49.6,29.96,22.79,13,0.73
52102,5442.3726,2518.6714,49.6,30.18,24.33,13,0.73
52103,5442.3801,2518.6774,51.9,30.18,24.33,12,0.76
52103,5442.3801,2518.6774,51.9,30.11,24.6,12,0.76
52104,5442.3875,2518.6836,54.4,30.11,24.6,12,0.76
52104,5442.3875,2518.6836,54.4,30.81,25.42,12,0.76
52105,5442.3947,2518.6897,57.2,30.81,25.42,13,0.73
52105,5442.3947,2518.6897,57.2,31.49,24.15,13,0.73
52106,5442.4024,2518.6962,59.5,31.49,24.15,13,0.73
52106,5442.4024,2518.6962,59.5,30.41,24.55,13,0.73
52107,5442.4101,2518.7026,61.5,30.41,24.55,13,0.73
52107,5442.4101,2518.7026,61.5,31.61,23.97,13,0.73
52108,5442.418,2518.7087,63.5,31.61,23.97,12,0.79
52108,5442.418,2518.7087,63.5,31.64,24.29,12,0.79
52109,5442.4258,2518.7154,65.4,31.64,24.29,13,0.73
52109,5442.4258,2518.7154,65.4,30.98,24.89,13,0.73
52110,5442.4336,2518.7218,67.3,30.98,24.89,12,0.79
52110,5442.4336,2518.7218,67.3,30.92,24.6,12,0.79
52111,5442.4414,2518.7281,68.8,30.92,24.6,12,0.85
52111,5442.4414,2518.7281,68.8,30.37,23.87,12,0.85
52112,5442.4492,2518.7339,69.8,30.37,23.87,13,0.73
52112,5442.4492,2518.7339,69.8,29.38,24.23,13,0.73
52113,5442.4567,2518.74,70.8,29.38,24.23,13,0.73
52113,5442.4567,2518.74,70.8,28.97,22.19,13,0.73
52114,5442.4643,2518.7451,71.7,28.97,22.19,13,0.73
52114,5442.4643,2518.7451,71.7,27.95,24.52,13,0.73
52115,5442.4714,2518.7508,72.5,27.95,24.52,13,0.79
52115,5442.4714,2518.7508,72.5,26.58,23.86,13,0.79
52116,5442.4783,2518.7566,73.4,26.58,23.86,13,0.79
52116,5442.4783,2518.7566,73.4,26,25.31,13,0.79
52117,5442.4849,2518.7619,73.8,26,25.31,13,0.73
52117,5442.4849,2518.7619,73.8,26.55,23.67,13,0.73
52118,5442.4916,2518.767,74.3,26.55,23.67,13,0.73
52118,5442.4916,2518.767,74.3,26.52,24.04,13,0.73
52119,5442.4982,2518.7724,75.1,26.52,24.04,13,0.73
52119,5442.4982,2518.7724,75.1,27.47,23.98,13,0.73
52120,5442.5051,2518.7779,75.4,27.47,23.98,13,0.73
52120,5442.5051,2518.7779,75.4,27.8,25.76,13,0.73
52121,5442.5121,2518.7835,75.8,27.8,25.76,13,0.73
52121,5442.5121,2518.7835,75.8,28.88,23.76,13,0.73
52122,5442.5192,2518.7891,75.9,28.88,23.76,13,0.73
52122,5442.5192,2518.7891,75.9,28.28,24.82,13,0.73
52123,5442.5262,2518.7948,75.8,28.28,24.82,13,0.73
52123,5442.5262,2518.7948,75.8,28.31,24.5,13,0.73
52124,5442.5333,2518.8003,75.8,28.31,24.5,13,0.73
52124,5442.5333,2518.8003,75.8,29.32,24.73,13,0.73
52125,5442.5405,2518.8061,75.7,29.32,24.73,12,0.79
52125,5442.5405,2518.8061,75.7,30.24,25.37,12,0.79
52126,5442.548,2518.8121,75.6,30.24,25.37,13,0.73
52126,5442.548,2518.8121,75.6,31.02,24.43,13,0.73
52127,5442.5555,2518.8179,76.7,31.02,24.43,13,0.73
52127,5442.5555,2518.8179,76.7,31.28,23.28,13,0.73
52128,5442.5634,2518.8239,76.4,31.28,23.28,13,0.73
52128,5442.5634,2518.8239,76.4,31.33,25.73,13,0.73
52129,5442.5713,2518.8302,76.2,31.33,25.73,12,0.76
52129,5442.5713,2518.8302,76.2,32.08,23.59,12,0.76
52130,5442.5793,2518.8363,75.9,32.08,23.59,12,0.75
52130,5442.5793,2518.8363,75.9,31.15,25.05,12,0.75
52131,5442.5874,2518.8423,75.6,31.15,25.05,12,0.75
52131,5442.5874,2518.8423,75.6,30.86,22.87,12,0.75
52132,5442.5952,2518.8481,75.6,30.86,22.87,13,0.73
52132,5442.5952,2518.8481,75.6,29.26,21.37,13,0.73
52133,5442.6029,2518.8532,75.6,29.26,21.37,13,0.73
52133,5442.6029,2518.8532,75.6,30.32,17.37,13,0.73
52134,5442.6108,2518.8577,75.9,30.32,17.37,12,0.76
52134,5442.6108,2518.8577,75.9,29.57,14.39,12,0.76
52135,5442.6189,2518.8617,75.7,29.57,14.39,13,0.73
52135,5442.6189,2518.8617,75.7,31.06,11.85,13,0.73
52136,5442.6271,2518.8652,75.2,31.06,11.85,12,0.75
52136,5442.6271,2518.8652,75.2,30.19,12.77,12,0.75
52137,5442.6352,2518.8686,74.9,30.19,12.77,13,0.73
52137,5442.6352,2518.8686,74.9,29.2,11.88,13,0.73
52138,5442.6431,2518.8717,74.6,29.2,11.88,12,0.79
52138,5442.6431,2518.8717,74.6,31.27,10.1,12,0.79
52139,5442.6514,2518.8748,74.5,31.27,10.1,13,0.73
52139,5442.6514,2518.8748,74.5,30.39,11.11,13,0.73
52140,5442.6598,2518.8778,74.3,30.39,11.11,13,0.73
52140,5442.6598,2518.8778,74.3,29.62,11.53,13,0.73
52141,5442.668,2518.8807,74,29.62,11.53,13,0.73
52141,5442.668,2518.8807,74,31.16,9.34,13,0.73
52142,5442.6764,2518.8834,73.6,31.16,9.34,12,0.76
52142,5442.6764,2518.8834,73.6,30.38,10.96,12,0.76
52143,5442.6848,2518.8861,73.2,30.38,10.96,13,0.79
52143,5442.6848,2518.8861,73.2,30.44,11.43,13,0.79
52144,5442.6931,2518.8891,73,30.44,11.43,13,0.73
52144,5442.6931,2518.8891,73,31.69,11.83,13,0.73
52145,5442.7015,2518.8922,72.3,31.69,11.83,13,0.73
52145,5442.7015,2518.8922,72.3,29.64,11.87,13,0.73
52146,5442.7097,2518.8952,71.5,29.64,11.87,13,0.73
52146,5442.7097,2518.8952,71.5,28.61,11.36,13,0.73
52147,5442.7175,2518.8982,71.2,28.61,11.36,13,0.79
52147,5442.7175,2518.8982,71.2,29.29,9.57,13,0.79
52148,5442.7253,2518.9009,70.8,29.29,9.57,13,0.73
52148,5442.7253,2518.9009,70.8,27.45,11.05,13,0.73
52149,5442.7329,2518.9034,70.3,27.45,11.05,13,0.73
52149,5442.7329,2518.9034,70.3,26.94,11.99,13,0.73
52150,5442.7401,2518.906,70.3,26.94,11.99,13,0.79
52150,5442.7401,2518.906,70.3,27.68,10.68,13,0.79
52151,5442.7475,2518.9084,69.9,27.68,10.68,12,0.79
52151,5442.7475,2518.9084,69.9,27.41,10.4,12,0.79
52152,5442.755,2518.9108,70.2,27.41,10.4,12,0.76
52152,5442.755,2518.9108,70.2,27.04,8.99,12,0.76
52153,5442.7624,2518.913,70.1,27.04,8.99,13,0.73
52153,5442.7624,2518.913,70.1,24.08,9.84,13,0.73
52154,5442.7692,2518.915,70,24.08,9.84,13,0.73
52154,5442.7692,2518.915,70,20.83,9.48,13,0.73
52155,5442.7749,2518.9169,70.1,20.83,9.48,12,0.76
52155,5442.7749,2518.9169,70.1,16.6,10.43,12,0.76
52156,5442.779,2518.9179,71.1,16.6,10.43,12,0.76
52156,5442.779,2518.9179,71.1,12.42,11.69,12,0.76
52157,5442.7823,2518.9194,70.8,12.42,11.69,13,0.73
52157,5442.7823,2518.9194,70.8,9.89,16.87,13,0.73
52158,5442.7844,2518.9203,72.8,9.89,16.87,13,0.73
52158,5442.7844,2518.9203,72.8,10.55,22.53,13,0.73
52159,5442.7863,2518.9218,75.3,10.55,22.53,13,0.73
52159,5442.7863,2518.9218,75.3,13.54,18.4,13,0.73
52200,5442.7892,2518.9238,77.5,13.54,18.4,11,0.92
52200,5442.7892,2518.9238,77.5,15.94,12.7,11,0.92
52201,5442.7929,2518.9258,79.6,15.94,12.7,13,0.79
52201,5442.7929,2518.9258,79.6,19,9.69,13,0.79
52202,5442.798,2518.9274,80.4,19,9.69,13,0.79
52202,5442.798,2518.9274,80.4,22.85,11.58,13,0.79
52203,5442.8041,2518.9294,80.7,22.85,11.58,13,0.79
52203,5442.8041,2518.9294,80.7,26.11,10.14,13,0.79
52204,5442.8113,2518.9316,81.3,26.11,10.14,13,0.73
52204,5442.8113,2518.9316,81.3,28.46,9.95,13,0.73
52205,5442.819,2518.9339,81.3,28.46,9.95,12,0.79
52205,5442.819,2518.9339,81.3,30.58,9.7,12,0.79
52206,5442.8272,2518.9364,81.1,30.58,9.7,12,0.79
52206,5442.8272,2518.9364,81.1,31.36,9.08,12,0.79
52207,5442.8357,2518.9388,81.3,31.36,9.08,13,0.79
52207,5442.8357,2518.9388,81.3,32.25,8.34,13,0.79
52208,5442.8445,2518.9413,82.2,32.25,8.34,11,0.83
52208,5442.8445,2518.9413,82.2,33.29,8.33,11,0.83
52209,5442.8536,2518.9437,82.9,33.29,8.33,12,0.85
52209,5442.8536,2518.9437,82.9,34.75,10.08,12,0.85
52210,5442.863,2518.9465,84,34.75,10.08,12,0.84
52210,5442.863,2518.9465,84,35.16,11.31,12,0.84
52211,5442.8726,2518.9499,84.8,35.16,11.31,11,0.82
52211,5442.8726,2518.9499,84.8,36.05,10.17,11,0.82
52212,5442.8824,2518.9532,85.3,36.05,10.17,12,0.75
52212,5442.8824,2518.9532,85.3,36.57,11.7,12,0.75
52213,5442.8924,2518.9565,85.8,36.57,11.7,12,0.83
52213,5442.8924,2518.9565,85.8,36.92,10.6,12,0.83
52214,5442.9027,2518.9596,85.6,36.92,10.6,13,0.73
52214,5442.9027,2518.9596,85.6,36.4,9.74,13,0.73
52215,5442.9128,2518.962,85.7,36.4,9.74,13,0.73
52215,5442.9128,2518.962,85.7,35.96,10.87,13,0.73
52216,5442.9228,2518.9651,85.5,35.96,10.87,12,0.85
52216,5442.9228,2518.9651,85.5,35.41,10.62,12,0.85
52217,5442.9326,2518.9684,85.3,35.41,10.62,12,0.81
52217,5442.9326,2518.9684,85.3,35.4,11.79,12,0.81
52218,5442.9424,2518.972,85.3,35.4,11.79,12,0.79
52218,5442.9424,2518.972,85.3,34.87,11.81,12,0.79
52219,5442.9522,2518.9758,84.3,34.87,11.81,12,0.79
52219,5442.9522,2518.9758,84.3,34.81,12.51,12,0.79
52220,5442.9616,2518.9796,83.9,34.81,12.51,13,0.73
52220,5442.9616,2518.9796,83.9,34.3,9.92,13,0.73
52221,5442.9711,2518.983,83.5,34.3,9.92,11,0.89
52221,5442.9711,2518.983,83.5,34.48,7.68,11,0.89
52222,5442.9806,2518.9857,83.2,34.48,7.68,11,0.89
52222,5442.9806,2518.9857,83.2,34.54,6.79,11,0.89
52223,5442.9901,2518.988,83.2,34.54,6.79,11,0.82
52223,5442.9901,2518.988,83.2,34.71,7.19,11,0.82
52224,5442.9998,2518.9902,83.1,34.71,7.19,12,0.82
52224,5442.9998,2518.9902,83.1,34.7,8.28,12,0.82
52225,5443.0095,2518.9925,82.5,34.7,8.28,11,0.92
52225,5443.0095,2518.9925,82.5,34.71,8.56,11,0.92
52226,5443.0192,2518.9949,81.6,34.71,8.56,13,0.79
52226,5443.0192,2518.9949,81.6,34.24,9.21,13,0.79
52227,5443.0287,2518.9976,80.6,34.24,9.21,12,0.8
52227,5443.0287,2518.9976,80.6,33.43,8.44,12,0.8
52228,5443.0382,2519.0001,79.7,33.43,8.44,12,0.79
52228,5443.0382,2519.0001,79.7,32.47,9.38,12,0.79
52229,5443.0473,2519.0026,78.6,32.47,9.38,12,0.8
52229,5443.0473,2519.0026,78.6,30.98,10.21,12,0.8
52230,5443.0559,2519.0053,78.7,30.98,10.21,13,0.79
52230,5443.0559,2519.0053,78.7,30.11,10.14,13,0.79
52231,5443.0644,2519.0077,78,30.11,10.14,12,0.85
52231,5443.0644,2519.0077,78,28.67,10.5,12,0.85
52232,5443.0726,2519.01,77.3,28.67,10.5,13,0.73
52232,5443.0726,2519.01,77.3,25.87,9.44,13,0.73
52233,5443.0801,2519.0122,76.5,25.87,9.44,13,0.73
52233,5443.0801,2519.0122,76.5,23.09,10.41,13,0.73
52234,5443.0867,2519.0141,75.6,23.09,10.41,13,0.79
52234,5443.0867,2519.0141,75.6,19.49,11.05,13,0.79
52235,5443.0924,2519.016,75.1,19.49,11.05,13,0.73
52235,5443.0924,2519.016,75.1,16.82,8,13,0.73
52236,5443.0972,2519.0173,74.5,16.82,8,13,0.73
52236,5443.0972,2519.0173,74.5,12.99,4.26,13,0.73
52237,5443.1008,2519.0177,73.8,12.99,4.26,13,0.79
52237,5443.1008,2519.0177,73.8,10.03,5.1,13,0.79
52238,5443.1035,2519.0182,72.9,10.03,5.1,13,0.79
52238,5443.1035,2519.0182,72.9,7.41,10.07,13,0.79
52239,5443.1055,2519.019,72.3,7.41,10.07,13,0.73
52239,5443.1055,2519.019,72.3,4.64,20.22,13,0.73
52240,5443.1071,2519.0197,71.5,4.64,20.22,13,0.79
52240,5443.1071,2519.0197,71.5,2.74,20.22,13,0.79
52241,5443.1082,2519.0202,70.6,2.74,20.22,13,0.73
52241,5443.1082,2519.0202,70.6,0,20.22,13,0.73
52242,5443.1085,2519.0204,70.5,0,20.22,12,0.75
52242,5443.1085,2519.0204,70.5,0,20.22,12,0.75
52243,5443.1084,2519.0203,70.7,0,20.22,12,0.79
52243,5443.1084,2519.0203,70.7,0,20.22,12,0.79
52244,5443.1083,2519.0204,70.5,0,20.22,12,0.79
52244,5443.1083,2519.0204,70.5,0,20.22,12,0.79
52245,5443.1083,2519.0204,70.5,0,20.22,12,0.79
52245,5443.1083,2519.0204,70.5,0,20.22,12,0.79
52246,5443.1083,2519.0204,70.5,0,20.22,12,0.79
52246,5443.1083,2519.0204,70.5,0,20.22,12,0.79
52247,5443.1083,2519.0204,70.5,0,20.22,12,0.79
52247,5443.1083,2519.0204,70.5,0,20.22,12,0.79
52248,5443.1083,2519.0204,70.5,0,20.22,13,0.73
52248,5443.1083,2519.0204,70.5,0,20.22,13,0.73
52249,5443.1083,2519.0204,70.5,0,20.22,13,0.73
52249,5443.1083,2519.0204,70.5,0,20.22,13,0.73
52250,5443.1083,2519.0204,70.5,0,20.22,13,0.73
52250,5443.1083,2519.0204,70.5,0,20.22,13,0.73
52251,5443.1083,2519.0204,70.5,0,20.22,13,0.73
52251,5443.1083,2519.0204,70.5,0,20.22,13,0.73
52252,5443.1083,2519.0204,70.5,0,20.22,13,0.73
52252,5443.1083,2519.0204,70.5,0,20.22,13,0.73
52253,5443.1083,2519.0204,70.5,0,20.22,12,0.75
52253,5443.1083,2519.0204,70.5,0,20.22,12,0.75
52254,5443.1083,2519.0204,70.5,0,20.22,13,0.73
52254,5443.1083,2519.0204,70.5,0,20.22,13,0.73
52255,5443.1083,2519.0204,70.5,0,20.22,12,0.75
52255,5443.1083,2519.0204,70.5,0,20.22,12,0.75
52256,5443.1083,2519.0204,70.5,0,20.22,13,0.73
52256,5443.1083,2519.0204,70.5,0,20.22,13,0.73
52257,5443.1083,2519.0204,70.5,0,20.22,13,0.73
52257,5443.1083,2519.0204,70.5,1.83,24.29,13,0.73
52258,5443.1083,2519.0204,70.5,1.83,24.29,13,0.73
52258,5443.1083,2519.0204,70.5,5.42,8.03,13,0.73
52259,5443.1089,2519.0214,70.4,5.42,8.03,11,0.9
52259,5443.1089,2519.0214,70.4,7.62,14.79,11,0.9
52300,5443.1107,2519.0219,70.6,7.62,14.79,13,0.79
52300,5443.1107,2519.0219,70.6,10.08,12.97,13,0.79
52301,5443.1133,2519.0228,70.8,10.08,12.97,13,0.73
52301,5443.1133,2519.0228,70.8,12.09,10.34,13,0.73
52302,5443.1164,2519.0236,71.1,12.09,10.34,13,0.79
52302,5443.1164,2519.0236,71.1,13.42,8.34,13,0.79
52303,5443.1201,2519.0243,71.6,13.42,8.34,13,0.73
52303,5443.1201,2519.0243,71.6,14.07,8.23,13,0.73
52304,5443.1236,2519.0247,72.1,14.07,8.23,13,0.73
52304,5443.1236,2519.0247,72.1,15.23,10.48,13,0.73
52305,5443.1276,2519.0257,72.4,15.23,10.48,13,0.73
52305,5443.1276,2519.0257,72.4,17.59,9.77,13,0.73
52306,5443.1324,2519.0268,73,17.59,9.77,13,0.79
52306,5443.1324,2519.0268,73,17.64,8.66,13,0.79
52307,5443.1374,2519.0281,73.5,17.64,8.66,13,0.79
52307,5443.1374,2519.0281,73.5,18.23,9.04,13,0.79
52308,5443.1422,2519.0289,74.4,18.23,9.04,12,0.85
52308,5443.1422,2519.0289,74.4,18.9,9.53,12,0.85
52309,5443.1473,2519.0301,74.8,18.9,9.53,13,0.79
52309,5443.1473,2519.0301,74.8,19.67,10.39,13,0.79
52310,5443.1525,2519.0317,75.6,19.67,10.39,13,0.73
52310,5443.1525,2519.0317,75.6,21.85,10.67,13,0.73
52311,5443.1573,2519.0348,78.6,21.85,10.67,12,0.79
52311,5443.1573,2519.0348,78.6,23.62,11.18,12,0.79
52312,5443.1635,2519.0368,79.6,23.62,11.18,13,0.79
52312,5443.1635,2519.0368,79.6,25.47,11.01,13,0.79
52313,5443.1701,2519.0391,80.7,25.47,11.01,12,0.85
52313,5443.1701,2519.0391,80.7,26.07,12.66,12,0.85
52314,5443.1773,2519.0417,81.5,26.07,12.66,13,0.79
52314,5443.1773,2519.0417,81.5,25.48,14.95,13,0.79
52315,5443.1844,2519.0449,82,25.48,14.95,13,0.79
52315,5443.1844,2519.0449,82,25.22,17.19,13,0.79
52316,5443.1912,2519.0484,82.6,25.22,17.19,13,0.73
52316,5443.1912,2519.0484,82.6,25.56,16.47,13,0.73
52317,5443.1979,2519.0522,83.3,25.56,16.47,13,0.79
52317,5443.1979,2519.0522,83.3,25.93,16.24,13,0.79
52318,5443.205,2519.0558,83.5,25.93,16.24,13,0.79
52318,5443.205,2519.0558,83.5,26.52,17.21,13,0.79
52319,5443.212,2519.0596,84.7,26.52,17.21,13,0.79
52319,5443.212,2519.0596,84.7,26.85,15.64,13,0.79
52320,5443.2193,2519.0631,85.4,26.85,15.64,13,0.73
52320,5443.2193,2519.0631,85.4,27.51,16.82,13,0.73
52321,5443.2267,2519.0669,85.5,27.51,16.82,13,0.79
52321,5443.2267,2519.0669,85.5,28.03,16.26,13,0.79
52322,5443.2343,2519.0708,85.8,28.03,16.26,13,0.79
52322,5443.2343,2519.0708,85.8,27.7,16.41,13,0.79
52323,5443.2413,2519.0751,87.5,27.7,16.41,13,0.79
52323,5443.2413,2519.0751,87.5,27.71,16.97,13,0.79
52324,5443.2488,2519.0789,87.4,27.71,16.97,13,0.79
52324,5443.2488,2519.0789,87.4,27.24,17.62,13,0.79
52325,5443.2563,2519.0827,87.6,27.24,17.62,13,0.79
52325,5443.2563,2519.0827,87.6,26.69,19.03,13,0.79
52326,5443.263,2519.087,89.6,26.69,19.03,13,0.79
52326,5443.263,2519.087,89.6,25.94,20.67,13,0.79
52327,5443.2698,2519.0912,90.6,25.94,20.67,13,0.79
52327,5443.2698,2519.0912,90.6,25.3,21.55,13,0.79
52328,5443.2763,2519.0957,91.9,25.3,21.55,13,0.79
52328,5443.2763,2519.0957,91.9,24.94,24.03,13,0.79
52329,5443.2826,2519.1003,93.2,24.94,24.03,13,0.73
52329,5443.2826,2519.1003,93.2,24.91,25.38,13,0.73
52330,5443.2887,2519.1054,94.5,24.91,25.38,13,0.79
52330,5443.2887,2519.1054,94.5,24.03,26.99,13,0.79
52331,5443.2948,2519.1106,95.5,24.03,26.99,13,0.73
52331,5443.2948,2519.1106,95.5,24.09,27.8,13,0.73
52332,5443.3009,2519.1159,96.6,24.09,27.8,13,0.79
52332,5443.3009,2519.1159,96.6,24.1,29.5,13,0.79
52333,5443.3067,2519.1215,97.6,24.1,29.5,13,0.79
52333,5443.3067,2519.1215,97.6,24.15,30.9,13,0.79
52334,5443.3125,2519.1274,98.9,24.15,30.9,13,0.79
52334,5443.3125,2519.1274,98.9,24.08,31.57,13,0.79
52335,5443.3183,2519.1335,99.6,24.08,31.57,13,0.79
52335,5443.3183,2519.1335,99.6,23.41,32.71,13,0.79
52336,5443.3239,2519.1396,100.5,23.41,32.71,13,0.79
52336,5443.3239,2519.1396,100.5,22.76,34.05,13,0.79
52337,5443.3292,2519.1458,101.6,22.76,34.05,13,0.79
52337,5443.3292,2519.1458,101.6,22.21,36.34,13,0.79
52338,5443.3344,2519.152,102.5,22.21,36.34,13,0.79
52338,5443.3344,2519.152,102.5,21.87,37.2,13,0.79
52339,5443.3394,2519.1583,102.6,21.87,37.2,13,0.79
52339,5443.3394,2519.1583,102.6,22.81,37.31,13,0.79
52340,5443.3444,2519.1649,103,22.81,37.31,13,0.79
52340,5443.3444,2519.1649,103,24.81,37.93,13,0.79
52341,5443.3497,2519.1718,103.2,24.81,37.93,13,0.79
52341,5443.3497,2519.1718,103.2,26.6,37.89,13,0.79
52342,5443.3553,2519.1795,103.7,26.6,37.89,13,0.79
52342,5443.3553,2519.1795,103.7,28.43,37.91,13,0.79
52343,5443.3613,2519.1876,104.1,28.43,37.91,13,0.79
52343,5443.3613,2519.1876,104.1,29.75,38.32,13,0.79
52344,5443.3677,2519.1963,104.4,29.75,38.32,13,0.79
52344,5443.3677,2519.1963,104.4,30.41,38.42,13,0.79
52345,5443.3742,2519.2055,105.4,30.41,38.42,13,0.79
52345,5443.3742,2519.2055,105.4,30.73,39.66,13,0.79
52346,5443.3809,2519.2147,106,30.73,39.66,13,0.73
52346,5443.3809,2519.2147,106,31.62,38.5,13,0.73
52347,5443.3876,2519.224,106.8,31.62,38.5,13,0.79
52347,5443.3876,2519.224,106.8,31.65,39.09,13,0.79
52348,5443.3947,2519.2333,108,31.65,39.09,13,0.73
52348,5443.3947,2519.2333,108,31.87,38.57,13,0.73
52349,5443.4015,2519.2425,108.9,31.87,38.57,13,0.79
52349,5443.4015,2519.2425,108.9,32.21,40.79,13,0.79
52350,5443.4083,2519.2522,109.7,32.21,40.79,13,0.73
52350,5443.4083,2519.2522,109.7,32.26,41.14,13,0.73
52351,5443.4149,2519.2625,110.9,32.26,41.14,13,0.73
52351,5443.4149,2519.2625,110.9,32.71,40.57,13,0.73
52352,5443.4217,2519.2726,111.6,32.71,40.57,13,0.73
52352,5443.4217,2519.2726,111.6,32.66,40.21,13,0.73
52353,5443.4286,2519.2829,111.8,32.66,40.21,13,0.73
52353,5443.4286,2519.2829,111.8,33.79,40.69,13,0.73
52354,5443.4357,2519.2933,112.1,33.79,40.69,12,0.79
52354,5443.4357,2519.2933,112.1,34.33,41.01,12,0.79
52355,5443.4432,2519.3035,112.2,34.33,41.01,12,0.85
52355,5443.4432,2519.3035,112.2,34.97,42.21,12,0.85
52356,5443.4503,2519.3144,112.3,34.97,42.21,12,0.8
52356,5443.4503,2519.3144,112.3,35.42,42.44,12,0.8
52357,5443.4572,2519.3262,113.9,35.42,42.44,13,0.79
52357,5443.4572,2519.3262,113.9,35.4,42.78,13,0.79
52358,5443.4644,2519.3372,114.5,35.4,42.78,13,0.73
52358,5443.4644,2519.3372,114.5,35.43,42.78,13,0.73
52359,5443.4718,2519.3482,114.5,35.43,42.78,12,0.85
52359,5443.4718,2519.3482,114.5,35.77,41.65,12,0.85
52400,5443.4789,2519.3601,115.7,35.77,41.65,13,0.79
52400,5443.4789,2519.3601,115.7,35.75,42.8,13,0.79
52401,5443.4864,2519.3713,116,35.75,42.8,12,0.81
52401,5443.4864,2519.3713,116,36.57,42.47,12,0.81
52402,5443.4939,2519.3829,116.2,36.57,42.47,12,0.85
52402,5443.4939,2519.3829,116.2,36.83,41.8,12,0.85
52403,5443.5014,2519.395,117.6,36.83,41.8,13,0.73
52403,5443.5014,2519.395,117.6,36.79,42.42,13,0.73
52404,5443.509,2519.4069,117.9,36.79,42.42,13,0.79
52404,5443.509,2519.4069,117.9,36.95,42.04,13,0.79
52405,5443.5167,2519.4186,118,36.95,42.04,12,0.85
52405,5443.5167,2519.4186,118,36.99,40.89,12,0.85
52406,5443.5247,2519.4301,118.7,36.99,40.89,13,0.73
52406,5443.5247,2519.4301,118.7,36.73,42.61,13,0.73
52407,5443.5323,2519.4416,118.8,36.73,42.61,13,0.79
52407,5443.5323,2519.4416,118.8,36.74,42.19,13,0.79
52408,5443.5396,2519.4535,118.8,36.74,42.19,13,0.73
52408,5443.5396,2519.4535,118.8,37.23,40.4,13,0.73
52409,5443.5474,2519.465,118.7,37.23,40.4,14,0.75
52409,5443.5474,2519.465,118.7,37.64,41.07,14,0.75
52410,5443.5553,2519.4766,118.3,37.64,41.07,14,0.7
52410,5443.5553,2519.4766,118.3,37.4,42.74,14,0.7
52411,5443.563,2519.4884,117.9,37.4,42.74,14,0.75
52411,5443.563,2519.4884,117.9,37.75,42.55,14,0.75
52412,5443.571,2519.5002,118,37.75,42.55,14,0.75
52412,5443.571,2519.5002,118,37.18,41.76,14,0.75
52413,5443.5783,2519.5127,118,37.18,41.76,14,0.7
52413,5443.5783,2519.5127,118,36.4,42.01,14,0.7
52414,5443.5857,2519.5245,118,36.4,42.01,14,0.75
52414,5443.5857,2519.5245,118,35.64,41.57,14,0.75
52415,5443.5933,2519.5358,118,35.64,41.57,13,0.79
52415,5443.5933,2519.5358,118,35.6,41.71,13,0.79
52416,5443.6006,2519.5471,117.2,35.6,41.71,13,0.75
52416,5443.6006,2519.5471,117.2,34.91,42.96,13,0.75
52417,5443.6077,2519.5584,116.8,34.91,42.96,14,0.75
52417,5443.6077,2519.5584,116.8,35.18,42.05,14,0.75
52418,5443.6147,2519.57,117,35.18,42.05,14,0.75
52418,5443.6147,2519.57,117,35.84,41.69,14,0.75
52419,5443.6219,2519.5816,116.2,35.84,41.69,14,0.75
52419,5443.6219,2519.5816,116.2,36.16,42.83,14,0.75
52420,5443.6289,2519.5937,116,36.16,42.83,14,0.75
52420,5443.6289,2519.5937,116,36.79,40.39,14,0.75
52421,5443.6363,2519.6054,115.8,36.79,40.39,14,0.7
52421,5443.6363,2519.6054,115.8,37.06,41.59,14,0.7
52422,5443.6439,2519.6171,115.2,37.06,41.59,14,0.75
52422,5443.6439,2519.6171,115.2,37.37,42.23,14,0.75
52423,5443.6515,2519.6292,114.9,37.37,42.23,14,0.75
52423,5443.6515,2519.6292,114.9,37.56,42.15,14,0.75
52424,5443.659,2519.6414,114.6,37.56,42.15,14,0.7
52424,5443.659,2519.6414,114.6,37.75,41.71,14,0.7
52425,5443.6666,2519.6536,114.3,37.75,41.71,13,0.79
52425,5443.6666,2519.6536,114.3,37.13,41.11,13,0.79
52426,5443.6743,2519.6655,113.8,37.13,41.11,14,0.7
52426,5443.6743,2519.6655,113.8,37.92,41.35,14,0.7
52427,5443.682,2519.6773,113.2,37.92,41.35,14,0.7
52427,5443.682,2519.6773,113.2,39,41.93,14,0.7
52428,5443.6899,2519.6895,113.1,39,41.93,14,0.75
52428,5443.6899,2519.6895,113.1,39.6,43.29,14,0.75
52429,5443.6977,2519.7026,113.1,39.6,43.29,14,0.75
52429,5443.6977,2519.7026,113.1,39.58,44.97,14,0.75
52430,5443.7054,2519.716,113.2,39.58,44.97,14,0.75
52430,5443.7054,2519.716,113.2,40.4,45.74,14,0.75
52431,5443.7131,2519.7298,112.6,40.4,45.74,14,0.75
52431,5443.7131,2519.7298,112.6,40.61,43.36,14,0.75
52432,5443.7212,2519.7434,112.2,40.61,43.36,13,0.79
52432,5443.7212,2519.7434,112.2,41.19,43.07,13,0.79
52433,5443.7296,2519.7568,112.1,41.19,43.07,14,0.75
52433,5443.7296,2519.7568,112.1,41.49,41.82,14,0.75
52434,5443.7381,2519.7703,111.8,41.49,41.82,13,0.79
52434,5443.7381,2519.7703,111.8,41.24,41.45,13,0.79
52435,5443.7467,2519.7836,111.9,41.24,41.45,13,0.79
52435,5443.7467,2519.7836,111.9,41.31,42.15,13,0.79
52436,5443.7552,2519.7968,111.8,41.31,42.15,14,0.75
52436,5443.7552,2519.7968,111.8,42.29,42.45,14,0.75
52437,5443.7639,2519.8101,111.9,42.29,42.45,14,0.75
52437,5443.7639,2519.8101,111.9,42.35,42.01,14,0.75
52438,5443.7727,2519.8236,111.8,42.35,42.01,14,0.75
52438,5443.7727,2519.8236,111.8,42.57,42,14,0.75
52439,5443.7816,2519.8371,111.8,42.57,42,14,0.7
52439,5443.7816,2519.8371,111.8,42.52,42.32,14,0.7
52440,5443.7904,2519.8505,111.8,42.52,42.32,14,0.75
52440,5443.7904,2519.8505,111.8,42.47,42.25,14,0.75
52441,5443.7991,2519.8642,112.2,42.47,42.25,14,0.75
52441,5443.7991,2519.8642,112.2,41.98,41.82,14,0.75
52442,5443.8077,2519.8777,112.9,41.98,41.82,14,0.7
52442,5443.8077,2519.8777,112.9,42.55,42.5,14,0.7
52443,5443.8164,2519.8911,113.4,42.55,42.5,14,0.75
52443,5443.8164,2519.8911,113.4,42.48,42.35,14,0.75
52444,5443.8251,2519.9048,114,42.48,42.35,14,0.7
52444,5443.8251,2519.9048,114,42.43,42.1,14,0.7
52445,5443.834,2519.9182,114.6,42.43,42.1,14,0.7
52445,5443.834,2519.9182,114.6,42.01,42.58,14,0.7
52446,5443.8429,2519.9315,114.6,42.01,42.58,13,0.82
52446,5443.8429,2519.9315,114.6,41.49,43.07,13,0.82
52447,5443.8512,2519.9453,115.7,41.49,43.07,14,0.7
52447,5443.8512,2519.9453,115.7,41.76,41.54,14,0.7
52448,5443.8596,2519.9586,116.4,41.76,41.54,13,0.75
52448,5443.8596,2519.9586,116.4,42.16,42.78,13,0.75
52449,5443.8684,2519.9719,116.7,42.16,42.78,14,0.75
52449,5443.8684,2519.9719,116.7,42.43,42.61,14,0.75
52450,5443.8772,2519.9855,116.9,42.43,42.61,14,0.7
52450,5443.8772,2519.9855,116.9,42.8,42.49,14,0.7
52451,5443.886,2519.9992,117,42.8,42.49,14,0.75
52451,5443.886,2519.9992,117,42.84,42.93,14,0.75
52452,5443.8947,2520.013,117.4,42.84,42.93,14,0.7
52452,5443.8947,2520.013,117.4,42.77,43.25,14,0.7
52453,5443.9035,2520.0268,117.7,42.77,43.25,14,0.75
52453,5443.9035,2520.0268,117.7,42.84,42.31,14,0.75
52454,5443.9123,2520.0404,117.9,42.84,42.31,14,0.75
52454,5443.9123,2520.0404,117.9,42.57,43.32,14,0.75
52455,5443.9211,2520.0541,117.9,42.57,43.32,14,0.7
52455,5443.9211,2520.0541,117.9,42.59,43.62,14,0.7
52456,5443.9297,2520.0685,117.7,42.59,43.62,14,0.7
52456,5443.9297,2520.0685,117.7,42.63,42.65,14,0.7
52457,5443.9384,2520.0824,117.8,42.63,42.65,14,0.7
52457,5443.9384,2520.0824,117.8,42.58,43.11,14,0.7
52458,5443.9469,2520.0964,118.2,42.58,43.11,14,0.75
52458,5443.9469,2520.0964,118.2,42.52,43.41,14,0.75
52459,5443.9556,2520.1103,117.8,42.52,43.41,14,0.75
52459,5443.9556,2520.1103,117.8,42.54,42.21,14,0.75
52500,5443.9644,2520.124,117.4,42.54,42.21,14,0.7
52500,5443.9644,2520.124,117.4,42.23,42.68,14,0.7
52501,5443.973,2520.1377,117,42.23,42.68,14,0.7
52501,5443.973,2520.1377,117,42.27,42.62,14,0.7
52502,5443.9817,2520.1512,116.9,42.27,42.62,14,0.7
52502,5443.9817,2520.1512,116.9,42.1,43.12,14,0.7
52503,5443.9905,2520.1646,116.8,42.1,43.12,14,0.7
52503,5443.9905,2520.1646,116.8,41.33,44.22,14,0.7
52504,5443.9987,2520.1784,116.7,41.33,44.22,14,0.7
52504,5443.9987,2520.1784,116.7,41.7,43.89,14,0.7
52505,5444.0072,2520.192,116.4,41.7,43.89,14,0.7
52505,5444.0072,2520.192,116.4,41.31,42.75,14,0.7
52506,5444.0154,2520.2057,116.4,41.31,42.75,14,0.75
52506,5444.0154,2520.2057,116.4,40.69,42.37,14,0.75
52507,5444.024,2520.2187,116.4,40.69,42.37,14,0.75
52507,5444.024,2520.2187,116.4,40.5,41.25,14,0.75
52508,5444.0324,2520.2315,116.5,40.5,41.25,14,0.75
52508,5444.0324,2520.2315,116.5,39.67,40.48,14,0.75
52509,5444.0416,2520.2435,116.9,39.67,40.48,14,0.75
52509,5444.0416,2520.2435,116.9,39.22,39.87,14,0.75
52510,5444.0501,2520.2555,117,39.22,39.87,14,0.75
52510,5444.0501,2520.2555,117,39.17,39.37,14,0.75
52511,5444.0586,2520.2672,116.9,39.17,39.37,14,0.75
52511,5444.0586,2520.2672,116.9,39.67,39.56,14,0.75
52512,5444.0673,2520.2787,116.4,39.67,39.56,14,0.75
52512,5444.0673,2520.2787,116.4,40.38,40.44,14,0.75
52513,5444.0758,2520.2911,116.2,40.38,40.44,14,0.75
52513,5444.0758,2520.2911,116.2,41.11,42.61,14,0.75
52514,5444.0844,2520.3037,115.8,41.11,42.61,14,0.75
52514,5444.0844,2520.3037,115.8,41.95,42.21,14,0.75
52515,5444.0932,2520.317,116.4,41.95,42.21,14,0.7
52515,5444.0932,2520.317,116.4,42.57,41.65,14,0.7
52516,5444.1023,2520.3302,116.3,42.57,41.65,14,0.75
52516,5444.1023,2520.3302,116.3,43.21,42.05,14,0.75
52517,5444.1113,2520.3437,116.4,43.21,42.05,14,0.75
52517,5444.1113,2520.3437,116.4,43.76,41,14,0.75
52518,5444.1206,2520.3572,116.3,43.76,41,14,0.7
52518,5444.1206,2520.3572,116.3,43.32,43.05,14,0.7
52519,5444.1295,2520.3714,116.5,43.32,43.05,14,0.75
52519,5444.1295,2520.3714,116.5,43.84,42.17,14,0.75
52520,5444.1384,2520.3854,116.3,43.84,42.17,13,0.79
52520,5444.1384,2520.3854,116.3,43.84,42.79,13,0.79
52521,5444.1474,2520.3995,116.2,43.84,42.79,14,0.7
52521,5444.1474,2520.3995,116.2,44.42,42.42,14,0.7
52522,5444.1568,2520.4136,115.6,44.42,42.42,14,0.7
52522,5444.1568,2520.4136,115.6,44.45,41.15,14,0.7
52523,5444.1661,2520.4277,115.2,44.45,41.15,14,0.7
52523,5444.1661,2520.4277,115.2,45.14,41.41,14,0.7
52524,5444.1757,2520.4417,114.8,45.14,41.41,14,0.7
52524,5444.1757,2520.4417,114.8,44.98,42.63,14,0.7
52525,5444.1857,2520.4553,115.7,44.98,42.63,14,0.7
52525,5444.1857,2520.4553,115.7,44.98,42.46,14,0.7
52526,5444.1959,2520.4687,116.1,44.98,42.46,14,0.7
52526,5444.1959,2520.4687,116.1,43.94,41.87,14,0.7
52527,5444.2061,2520.4822,115,43.94,41.87,14,0.75
52527,5444.2061,2520.4822,115,44.56,42.12,14,0.75
52528,5444.2142,2520.4962,113.8,44.56,42.12,14,0.7
52528,5444.2142,2520.4962,113.8,45.29,40.86,14,0.7
52529,5444.2234,2520.5103,113.8,45.29,40.86,14,0.7
52529,5444.2234,2520.5103,113.8,45.62,41.15,14,0.7
52530,5444.2343,2520.524,114.5,45.62,41.15,14,0.7
52530,5444.2343,2520.524,114.5,45.09,41.78,14,0.7
52531,5444.2435,2520.5374,114.5,45.09,41.78,14,0.7
52531,5444.2435,2520.5374,114.5,45.5,40.77,14,0.7
52532,5444.2524,2520.5519,113.9,45.5,40.77,14,0.7
52532,5444.2524,2520.5519,113.9,45.17,40.58,14,0.7
52533,5444.2635,2520.5654,112.7,45.17,40.58,14,0.7
52533,5444.2635,2520.5654,112.7,45.2,41.19,14,0.7
52534,5444.2716,2520.5807,112.7,45.2,41.19,14,0.7
52534,5444.2716,2520.5807,112.7,45.22,42.04,14,0.7
52535,5444.2807,2520.5962,112,45.22,42.04,14,0.7
52535,5444.2807,2520.5962,112,45.22,42.47,14,0.7
52536,5444.2909,2520.6109,111.8,45.22,42.47,14,0.7
52536,5444.2909,2520.6109,111.8,45.63,41.83,14,0.7
52537,5444.3005,2520.6261,109.6,45.63,41.83,14,0.7
52537,5444.3005,2520.6261,109.6,45.47,41.39,14,0.7
52538,5444.3091,2520.6402,108,45.47,41.39,14,0.7
52538,5444.3091,2520.6402,108,45.19,41.52,14,0.7
52539,5444.318,2520.6551,107.1,45.19,41.52,14,0.7
52539,5444.318,2520.6551,107.1,45.22,42.27,14,0.7
52540,5444.3272,2520.6707,105.6,45.22,42.27,13,0.73
52540,5444.3272,2520.6707,105.6,44.73,42.09,13,0.73
52541,5444.3353,2520.6857,103.9,44.73,42.09,14,0.7
52541,5444.3353,2520.6857,103.9,44.94,39.64,14,0.7
52542,5444.3442,2520.6996,102.9,44.94,39.64,14,0.7
52542,5444.3442,2520.6996,102.9,43.79,41.73,14,0.7
52543,5444.3525,2520.7153,103.2,43.79,41.73,14,0.7
52543,5444.3525,2520.7153,103.2,43.8,43.21,14,0.7
52544,5444.3607,2520.7298,102.4,43.8,43.21,14,0.7
52544,5444.3607,2520.7298,102.4,43.84,40.97,14,0.7
52545,5444.3706,2520.7437,103.8,43.84,40.97,14,0.7
52545,5444.3706,2520.7437,103.8,43.64,40.88,14,0.7
52546,5444.3799,2520.7569,104.5,43.64,40.88,14,0.7
52546,5444.3799,2520.7569,104.5,44.03,42.41,14,0.7
52547,5444.3897,2520.7709,104.2,44.03,42.41,13,0.75
52547,5444.3897,2520.7709,104.2,43.67,42.34,13,0.75
52548,5444.3997,2520.7846,105,43.67,42.34,13,0.75
52548,5444.3997,2520.7846,105,43.74,42.27,13,0.75
52549,5444.4087,2520.7985,105.5,43.74,42.27,13,0.75
52549,5444.4087,2520.7985,105.5,43.73,43.21,13,0.75
52550,5444.417,2520.813,106,43.73,43.21,13,0.75
52550,5444.417,2520.813,106,43.26,41.83,13,0.75
52551,5444.4257,2520.827,106.4,43.26,41.83,13,0.75
52551,5444.4257,2520.827,106.4,43.09,40.71,13,0.75
52552,5444.4354,2520.8403,106.4,43.09,40.71,13,0.75
52552,5444.4354,2520.8403,106.4,43.9,38.96,13,0.75
52553,5444.4439,2520.8534,105.8,43.9,38.96,13,0.75
52553,5444.4439,2520.8534,105.8,43.21,41,13,0.75
52554,5444.4524,2520.869,106.6,43.21,41,13,0.75
52554,5444.4524,2520.869,106.6,43.14,42.7,13,0.75
52555,5444.4611,2520.8841,105.1,43.14,42.7,13,0.75
52555,5444.4611,2520.8841,105.1,43.32,42.76,13,0.75
52556,5444.4682,2520.9006,104.3,43.32,42.76,13,0.75
52556,5444.4682,2520.9006,104.3,43.34,41.24,13,0.75
52557,5444.4772,2520.9144,104.8,43.34,41.24,13,0.75
52557,5444.4772,2520.9144,104.8,43.7,40.31,13,0.75
52558,5444.4868,2520.9276,105.1,43.7,40.31,12,0.87
52558,5444.4868,2520.9276,105.1,44.26,40.22,12,0.87
52559,5444.4964,2520.9405,105.4,44.26,40.22,12,0.87
52559,5444.4964,2520.9405,105.4,44.1,40.19,12,0.87
52600,5444.506,2520.9539,105.8,44.1,40.19,13,0.75
52600,5444.506,2520.9539,105.8,43.59,41.53,13,0.75
52601,5444.5153,2520.9681,106.4,43.59,41.53,14,0.7
52601,5444.5153,2520.9681,106.4,44,40.03,14,0.7
52602,5444.5249,2520.9813,106.7,44,40.03,13,0.77
52602,5444.5249,2520.9813,106.7,43.69,40.01,13,0.77
52603,5444.5348,2520.9941,107.1,43.69,40.01,13,0.77
52603,5444.5348,2520.9941,107.1,43.71,40.91,13,0.77
52604,5444.5437,2521.0082,107.5,43.71,40.91,14,0.7
52604,5444.5437,2521.0082,107.5,44.01,41.9,14,0.7
52605,5444.5526,2521.0225,107.5,44.01,41.9,14,0.7
52605,5444.5526,2521.0225,107.5,43.58,43.77,14,0.7
52606,5444.5609,2521.0376,108.3,43.58,43.77,14,0.7
52606,5444.5609,2521.0376,108.3,43.16,42.89,14,0.7
52607,5444.57,2521.0513,108.6,43.16,42.89,14,0.7
52607,5444.57,2521.0513,108.6,43.21,42.61,14,0.7
52608,5444.5789,2521.0651,108.2,43.21,42.61,13,0.77
52608,5444.5789,2521.0651,108.2,43.26,42.3,13,0.77
52609,5444.5873,2521.0793,108.7,43.26,42.3,14,0.7
52609,5444.5873,2521.0793,108.7,43.53,42.55,14,0.7
52610,5444.5966,2521.093,108.3,43.53,42.55,13,0.77
52610,5444.5966,2521.093,108.3,43.38,42.18,13,0.77
52611,5444.6056,2521.1071,108.8,43.38,42.18,14,0.7
52611,5444.6056,2521.1071,108.8,43.42,42.22,14,0.7
52612,5444.6146,2521.121,108.3,43.42,42.22,13,0.77
52612,5444.6146,2521.121,108.3,44.45,42.7,13,0.77
52613,5444.6234,2521.1356,108.6,44.45,42.7,14,0.7
52613,5444.6234,2521.1356,108.6,44.51,41.85,14,0.7
52614,5444.6325,2521.1502,108.8,44.51,41.85,14,0.7
52614,5444.6325,2521.1502,108.8,45.03,43.07,14,0.7
52615,5444.6409,2521.1657,109.5,45.03,43.07,14,0.7
52615,5444.6409,2521.1657,109.5,45.05,41.38,14,0.7
52616,5444.6504,2521.1801,109.2,45.05,41.38,13,0.75
52616,5444.6504,2521.1801,109.2,45.46,41.63,13,0.75
52617,5444.6599,2521.1946,109,45.46,41.63,13,0.75
52617,5444.6599,2521.1946,109,45.4,40.59,13,0.75
52618,5444.6697,2521.2086,108.8,45.4,40.59,13,0.75
52618,5444.6697,2521.2086,108.8,46.02,40.78,13,0.75
52619,5444.6796,2521.2226,108.5,46.02,40.78,13,0.75
52619,5444.6796,2521.2226,108.5,45.32,41.43,13,0.75
52620,5444.6893,2521.2371,107.7,45.32,41.43,13,0.75
52620,5444.6893,2521.2371,107.7,45.04,42.43,13,0.75
52621,5444.6985,2521.2519,107.6,45.04,42.43,14,0.7
52621,5444.6985,2521.2519,107.6,44.4,40.8,14,0.7
52622,5444.7082,2521.2661,107,44.4,40.8,14,0.7
52622,5444.7082,2521.2661,107,43.96,40.75,14,0.7
52623,5444.7176,2521.2803,106.2,43.96,40.75,14,0.7
52623,5444.7176,2521.2803,106.2,43.51,40.38,14,0.7
52624,5444.7272,2521.2941,105.6,43.51,40.38,14,0.7
52624,5444.7272,2521.2941,105.6,43.73,37.95,14,0.7
52625,5444.7369,2521.3073,104.8,43.73,37.95,13,0.75
52625,5444.7369,2521.3073,104.8,43.97,36.75,13,0.75
52626,5444.747,2521.3196,104.1,43.97,36.75,13,0.75
52626,5444.747,2521.3196,104.1,43.9,34.6,13,0.75
52627,5444.7577,2521.3314,103.4,43.9,34.6,13,0.75
52627,5444.7577,2521.3314,103.4,43.9,36.1,13,0.75
52628,5444.7682,2521.343,102.5,43.9,36.1,13,0.75
52628,5444.7682,2521.343,102.5,43.17,34.99,13,0.75
52629,5444.7786,2521.3543,101.4,43.17,34.99,13,0.75
52629,5444.7786,2521.3543,101.4,43.35,34.71,13,0.75
52630,5444.7892,2521.3655,100.4,43.35,34.71,13,0.75
52630,5444.7892,2521.3655,100.4,42.96,36.48,13,0.75
52631,5444.7993,2521.3774,99.4,42.96,36.48,13,0.75
52631,5444.7993,2521.3774,99.4,43.71,33.99,13,0.75
52632,5444.8097,2521.3888,98.1,43.71,33.99,12,0.87
52632,5444.8097,2521.3888,98.1,43.47,33.79,12,0.87
52633,5444.8202,2521.4002,96.7,43.47,33.79,12,0.87
52633,5444.8202,2521.4002,96.7,43.71,32.5,12,0.87
52634,5444.8305,2521.4116,95.7,43.71,32.5,12,0.87
52634,5444.8305,2521.4116,95.7,43.27,34.25,12,0.87
52635,5444.8407,2521.423,94.4,43.27,34.25,13,0.75
52635,5444.8407,2521.423,94.4,42.09,35.33,13,0.75
52636,5444.8504,2521.4345,93.4,42.09,35.33,13,0.77
52636,5444.8504,2521.4345,93.4,41.62,33.45,13,0.77
52637,5444.8601,2521.4456,92.3,41.62,33.45,13,0.77
52637,5444.8601,2521.4456,92.3,40.72,34.36,13,0.77
52638,5444.8695,2521.4566,91.6,40.72,34.36,14,0.75
52638,5444.8695,2521.4566,91.6,39.69,35.36,14,0.75
52639,5444.8779,2521.4682,92.1,39.69,35.36,13,0.75
52639,5444.8779,2521.4682,92.1,39.88,33.9,13,0.75
52640,5444.8868,2521.4792,91.9,39.88,33.9,13,0.79
52640,5444.8868,2521.4792,91.9,40.27,32.71,13,0.79
52641,5444.8962,2521.4896,91.3,40.27,32.71,13,0.79
52641,5444.8962,2521.4896,91.3,40.22,34.78,13,0.79
52642,5444.9056,2521.5002,90.2,40.22,34.78,11,0.95
52642,5444.9056,2521.5002,90.2,41.36,32.58,11,0.95
52643,5444.9153,2521.5109,89.1,41.36,32.58,12,0.9
52643,5444.9153,2521.5109,89.1,40.81,32.94,12,0.9
52644,5444.9252,2521.5216,88.1,40.81,32.94,11,0.92
52644,5444.9252,2521.5216,88.1,42.63,33.32,11,0.92
52645,5444.9351,2521.5324,87,42.63,33.32,13,0.75
52645,5444.9351,2521.5324,87,43.65,32.7,13,0.75
52646,5444.9453,2521.5434,85.8,43.65,32.7,13,0.75
52646,5444.9453,2521.5434,85.8,43.82,33.31,13,0.75
52647,5444.9556,2521.5552,84.6,43.82,33.31,12,0.78
52647,5444.9556,2521.5552,84.6,43.81,33.58,12,0.78
52648,5444.9659,2521.5665,83.3,43.81,33.58,13,0.75
52648,5444.9659,2521.5665,83.3,43.51,32.63,13,0.75
52649,5444.9763,2521.5777,82,43.51,32.63,13,0.75
52649,5444.9763,2521.5777,82,43.21,32.91,13,0.75
52650,5444.9865,2521.589,80.9,43.21,32.91,12,0.87
52650,5444.9865,2521.589,80.9,43.23,34.16,12,0.87
52651,5444.9965,2521.5999,80.6,43.23,34.16,13,0.75
52651,5444.9965,2521.5999,80.6,43.2,32.99,13,0.75
52652,5445.0064,2521.6114,79.7,43.2,32.99,13,0.75
52652,5445.0064,2521.6114,79.7,42.32,33.25,13,0.75
52653,5445.0162,2521.6225,79.4,42.32,33.25,12,0.87
52653,5445.0162,2521.6225,79.4,42.73,33.19,12,0.87
52654,5445.0259,2521.6337,78.5,42.73,33.19,12,0.87
52654,5445.0259,2521.6337,78.5,42.44,33.8,12,0.87
52655,5445.0354,2521.6453,78.8,42.44,33.8,13,0.75
52655,5445.0354,2521.6453,78.8,43.85,33.09,13,0.75
52656,5445.0454,2521.6565,78.1,43.85,33.09,12,0.87
52656,5445.0454,2521.6565,78.1,41.88,35.1,12,0.87
52657,5445.0553,2521.6678,77.3,41.88,35.1,12,0.87
52657,5445.0553,2521.6678,77.3,41.96,34.54,12,0.87
52658,5445.0647,2521.6794,77.3,41.96,34.54,13,0.75
52658,5445.0647,2521.6794,77.3,41.51,34.04,13,0.75
52659,5445.0743,2521.6905,76.6,41.51,34.04,12,0.9
52659,5445.0743,2521.6905,76.6,41.66,33.76,12,0.9
52700,5445.0839,2521.7015,76.2,41.66,33.76,13,0.75
52700,5445.0839,2521.7015,76.2,40.82,33.22,13,0.75
52701,5445.0935,2521.7124,75.7,40.82,33.22,12,0.9
52701,5445.0935,2521.7124,75.7,40.79,35.07,12,0.9
52702,5445.103,2521.7233,74.9,40.79,35.07,13,0.79
52702,5445.103,2521.7233,74.9,39.74,32.03,13,0.79
52703,5445.1124,2521.734,74.1,39.74,32.03,12,0.87
52703,5445.1124,2521.734,74.1,39.29,34.14,12,0.87
52704,5445.1214,2521.7445,74.1,39.29,34.14,14,0.75
52704,5445.1214,2521.7445,74.1,38.93,34.15,14,0.75
52705,5445.1303,2521.755,73.6,38.93,34.15,13,0.82
52705,5445.1303,2521.755,73.6,38.33,34.72,13,0.82
52706,5445.139,2521.7655,73.5,38.33,34.72,14,0.75
52706,5445.139,2521.7655,73.5,37.97,34.46,14,0.75
52707,5445.1478,2521.7758,73.4,37.97,34.46,14,0.75
52707,5445.1478,2521.7758,73.4,37.46,34.45,14,0.75
52708,5445.1563,2521.7858,74.1,37.46,34.45,14,0.75
52708,5445.1563,2521.7858,74.1,37.18,33.91,14,0.75
52709,5445.1649,2521.7956,74.1,37.18,33.91,13,0.82
52709,5445.1649,2521.7956,74.1,36.6,33.94,13,0.82
52710,5445.1733,2521.8049,75.3,36.6,33.94,14,0.75
52710,5445.1733,2521.8049,75.3,36.33,33.26,14,0.75
52711,5445.1819,2521.8145,75.1,36.33,33.26,14,0.75
52711,5445.1819,2521.8145,75.1,35.24,33.56,14,0.75
52712,5445.1902,2521.8239,75,35.24,33.56,14,0.75
52712,5445.1902,2521.8239,75,34.99,33.91,14,0.75
52713,5445.1981,2521.8334,75.3,34.99,33.91,14,0.75
52713,5445.1981,2521.8334,75.3,34.58,33.5,14,0.75
52714,5445.2061,2521.8427,75,34.58,33.5,12,0.87
52714,5445.2061,2521.8427,75,34.64,32.11,12,0.87
52715,5445.2143,2521.8517,74.6,34.64,32.11,14,0.75
52715,5445.2143,2521.8517,74.6,33.72,33.19,14,0.75
52716,5445.2222,2521.8608,74.5,33.72,33.19,14,0.75
52716,5445.2222,2521.8608,74.5,33.36,32.76,14,0.75
52717,5445.23,2521.8697,74.4,33.36,32.76,14,0.75
52717,5445.23,2521.8697,74.4,32.66,32.8,14,0.75
52718,5445.2377,2521.8783,74.1,32.66,32.8,14,0.75
52718,5445.2377,2521.8783,74.1,32.08,34.74,14,0.75
52719,5445.2451,2521.8871,74,32.08,34.74,14,0.75
52719,5445.2451,2521.8871,74,32.37,33.9,14,0.75
52720,5445.2515,2521.8967,73.5,32.37,33.9,14,0.75
52720,5445.2515,2521.8967,73.5,32.92,32.85,14,0.75
52721,5445.2593,2521.9055,72.8,32.92,32.85,14,0.75
52721,5445.2593,2521.9055,72.8,33.79,32.9,14,0.75
52722,5445.2672,2521.9144,73,33.79,32.9,14,0.7
52722,5445.2672,2521.9144,73,33.72,33.36,14,0.7
52723,5445.2749,2521.9231,73.1,33.72,33.36,14,0.7
52723,5445.2749,2521.9231,73.1,34.68,32.49,14,0.7
52724,5445.2836,2521.9319,72.4,34.68,32.49,14,0.75
52724,5445.2836,2521.9319,72.4,34.1,34.6,14,0.75
52725,5445.2908,2521.9391,73.3,34.1,34.6,14,0.75
52725,5445.2908,2521.9391,73.3,34.11,33.97,14,0.75
52726,5445.2988,2521.9484,74.2,34.11,33.97,14,0.7
52726,5445.2988,2521.9484,74.2,35.15,32.21,14,0.7
52727,5445.3064,2521.958,74.5,35.15,32.21,14,0.75
52727,5445.3064,2521.958,74.5,35.68,32.51,14,0.75
52728,5445.3151,2521.9688,74.2,35.68,32.51,12,0.86
52728,5445.3151,2521.9688,74.2,35.85,33.09,12,0.86
52729,5445.3234,2521.9771,74.2,35.85,33.09,13,0.82
52729,5445.3234,2521.9771,74.2,36.77,31.44,13,0.82
52730,5445.3316,2521.9861,73.7,36.77,31.44,13,0.77
52730,5445.3316,2521.9861,73.7,37.47,32.39,13,0.77
52731,5445.3387,2521.9968,73.7,37.47,32.39,14,0.7
52731,5445.3387,2521.9968,73.7,38.1,34.28,14,0.7
52732,5445.3485,2522.0054,74.3,38.1,34.28,14,0.7
52732,5445.3485,2522.0054,74.3,39.77,34.12,14,0.7
52733,5445.3575,2522.0161,74.2,39.77,34.12,14,0.7
52733,5445.3575,2522.0161,74.2,39.4,35.29,14,0.7
52734,5445.3658,2522.0281,75,39.4,35.29,14,0.75
52734,5445.3658,2522.0281,75,38.8,34.48,14,0.75
52735,5445.3747,2522.0381,75,38.8,34.48,14,0.75
52735,5445.3747,2522.0381,75,38.73,32.25,14,0.75
52736,5445.3843,2522.0489,75.2,38.73,32.25,14,0.75
52736,5445.3843,2522.0489,75.2,38.26,31.95,14,0.75
52737,5445.3929,2522.0583,74.6,38.26,31.95,14,0.75
52737,5445.3929,2522.0583,74.6,38.24,32.16,14,0.75
52738,5445.4017,2522.0684,75,38.24,32.16,14,0.7
52738,5445.4017,2522.0684,75,38.19,31.54,14,0.7
52739,5445.4105,2522.0783,75.4,38.19,31.54,14,0.75
52739,5445.4105,2522.0783,75.4,38.15,32.41,14,0.75
52740,5445.4198,2522.088,75.3,38.15,32.41,14,0.75
52740,5445.4198,2522.088,75.3,37.3,31.72,14,0.75
52741,5445.4285,2522.0974,75.7,37.3,31.72,14,0.7
52741,5445.4285,2522.0974,75.7,37.04,31.37,14,0.7
52742,5445.4373,2522.1066,75.7,37.04,31.37,13,0.75
52742,5445.4373,2522.1066,75.7,36.62,31.77,13,0.75
52743,5445.446,2522.1159,75.8,36.62,31.77,14,0.7
52743,5445.446,2522.1159,75.8,36.63,31.35,14,0.7
52744,5445.4547,2522.1249,75.9,36.63,31.35,14,0.77
52744,5445.4547,2522.1249,75.9,34.73,33.62,14,0.77
52745,5445.462,2522.1347,77.8,34.73,33.62,14,0.7
52745,5445.462,2522.1347,77.8,34.33,33.37,14,0.7
52746,5445.4687,2522.1452,80,34.33,33.37,14,0.7
52746,5445.4687,2522.1452,80,34.25,32.85,14,0.7
52747,5445.4768,2522.1542,80.5,34.25,32.85,14,0.7
52747,5445.4768,2522.1542,80.5,34.06,33.65,14,0.7
52748,5445.4864,2522.1613,80.1,34.06,33.65,13,0.77
52748,5445.4864,2522.1613,80.1,33.8,34.32,13,0.77
52749,5445.4949,2522.1702,79.6,33.8,34.32,14,0.7
52749,5445.4949,2522.1702,79.6,32.63,34.91,14,0.7
52750,5445.5041,2522.1782,78.3,32.63,34.91,14,0.7
52750,5445.5041,2522.1782,78.3,31.6,35.18,14,0.7
52751,5445.5119,2522.1864,77.6,31.6,35.18,14,0.7
52751,5445.5119,2522.1864,77.6,31.99,33.48,14,0.7
52752,5445.5196,2522.1951,77.3,31.99,33.48,13,0.75
52752,5445.5196,2522.1951,77.3,31.95,33.76,13,0.75
52753,5445.5272,2522.2032,77,31.95,33.76,13,0.75
52753,5445.5272,2522.2032,77,31.26,33.65,13,0.75
52754,5445.5345,2522.2122,76.5,31.26,33.65,13,0.75
52754,5445.5345,2522.2122,76.5,32.63,32.6,13,0.75
52755,5445.542,2522.2211,76,32.63,32.6,13,0.75
52755,5445.542,2522.2211,76,33.32,33.11,13,0.75
52756,5445.5495,2522.2305,76.4,33.32,33.11,13,0.75
52756,5445.5495,2522.2305,76.4,32.62,33.73,13,0.75
52757,5445.5571,2522.2399,76.6,32.62,33.73,13,0.75
52757,5445.5571,2522.2399,76.6,34.04,33.76,13,0.75
52758,5445.5649,2522.2491,77,34.04,33.76,13,0.75
52758,5445.5649,2522.2491,77,33.21,35.32,13,0.75
52759,5445.5723,2522.2588,77.8,33.21,35.32,13,0.75
52759,5445.5723,2522.2588,77.8,33.19,32.66,13,0.75
52800,5445.5797,2522.268,78.6,33.19,32.66,13,0.75
52800,5445.5797,2522.268,78.6,32.42,34.56,13,0.75
52801,5445.5877,2522.2771,78.8,32.42,34.56,13,0.75
52801,5445.5877,2522.2771,78.8,32.68,33.08,13,0.75
52802,5445.596,2522.2851,79.4,32.68,33.08,13,0.75
52802,5445.596,2522.2851,79.4,32.41,32.84,13,0.75
52803,5445.6042,2522.2931,78.9,32.41,32.84,13,0.75
52803,5445.6042,2522.2931,78.9,31.78,34.79,13,0.75
52804,5445.612,2522.3014,79.2,31.78,34.79,13,0.75
52804,5445.612,2522.3014,79.2,32.05,32.6,13,0.75
52805,5445.6208,2522.3077,78.8,32.05,32.6,12,0.87
52805,5445.6208,2522.3077,78.8,32.01,32.42,12,0.87
52806,5445.6279,2522.3162,79.5,32.01,32.42,13,0.75
52806,5445.6279,2522.3162,79.5,30.59,32.51,13,0.75
52807,5445.6348,2522.3246,79.8,30.59,32.51,13,0.75
52807,5445.6348,2522.3246,79.8,29.81,32.42,13,0.75
52808,5445.6415,2522.3325,80,29.81,32.42,13,0.75
52808,5445.6415,2522.3325,80,29.53,30.92,13,0.75
52809,5445.6485,2522.3401,80.3,29.53,30.92,13,0.75
52809,5445.6485,2522.3401,80.3,28.18,31.41,13,0.75
52810,5445.655,2522.3477,81.3,28.18,31.41,13,0.75
52810,5445.655,2522.3477,81.3,27.89,32.14,13,0.75
52811,5445.6618,2522.3545,81.5,27.89,32.14,13,0.75
52811,5445.6618,2522.3545,81.5,27.38,29.74,13,0.75
52812,5445.6684,2522.3614,82.3,27.38,29.74,12,0.79
52812,5445.6684,2522.3614,82.3,26.35,31.4,12,0.79
52813,5445.6746,2522.3682,82.8,26.35,31.4,12,0.79
52813,5445.6746,2522.3682,82.8,23.65,31.04,12,0.79
52814,5445.6803,2522.3741,82.6,23.65,31.04,13,0.75
52814,5445.6803,2522.3741,82.6,22.05,32.53,13,0.75
52815,5445.6856,2522.3797,82.7,22.05,32.53,13,0.75
52815,5445.6856,2522.3797,82.7,19.89,35.61,13,0.75
52816,5445.6901,2522.3852,83.7,19.89,35.61,13,0.79
52816,5445.6901,2522.3852,83.7,17.52,41.68,13,0.79
52817,5445.6933,2522.3913,85.8,17.52,41.68,13,0.79
52817,5445.6933,2522.3913,85.8,15.81,51.47,13,0.79
52818,5445.6955,2522.3981,88.4,15.81,51.47,14,0.75
52818,5445.6955,2522.3981,88.4,14.5,71.57,14,0.75
52819,5445.6974,2522.4044,87.9,14.5,71.57,14,0.7
52819,5445.6974,2522.4044,87.9,13.59,89.73,14,0.7
52820,5445.6978,2522.411,87.6,13.59,89.73,13,0.83
52820,5445.6978,2522.411,87.6,13.02,105.56,13,0.83
52821,5445.697,2522.4174,87.5,13.02,105.56,13,0.83
52821,5445.697,2522.4174,87.5,14.13,116.94,13,0.83
52822,5445.6955,2522.4238,87.9,14.13,116.94,13,0.77
52822,5445.6955,2522.4238,87.9,15.5,119.25,13,0.77
52823,5445.693,2522.4306,88.2,15.5,119.25,14,0.7
52823,5445.693,2522.4306,88.2,19.08,122.53,14,0.7
52824,5445.6897,2522.4384,88.5,19.08,122.53,14,0.7
52824,5445.6897,2522.4384,88.5,23.74,124.46,14,0.7
52825,5445.6854,2522.4486,91.5,23.74,124.46,12,0.8
52825,5445.6854,2522.4486,91.5,26.62,124.33,12,0.8
52826,5445.6809,2522.4589,91.8,26.62,124.33,14,0.7
52826,5445.6809,2522.4589,91.8,29.74,125.54,14,0.7
52827,5445.6758,2522.4703,92.2,29.74,125.54,13,0.79
52827,5445.6758,2522.4703,92.2,31.79,127.91,13,0.79
52828,5445.6719,2522.4824,92.8,31.79,127.91,14,0.7
52828,5445.6719,2522.4824,92.8,33.78,128.33,14,0.7
52829,5445.6656,2522.4955,94.1,33.78,128.33,13,0.75
52829,5445.6656,2522.4955,94.1,35.17,128.67,13,0.75
52830,5445.6594,2522.5092,95.1,35.17,128.67,14,0.7
52830,5445.6594,2522.5092,95.1,35.79,130.06,14,0.7
52831,5445.6508,2522.5231,95.5,35.79,130.06,14,0.7
52831,5445.6508,2522.5231,95.5,34.87,127.69,14,0.7
52832,5445.6442,2522.537,97,34.87,127.69,13,0.75
52832,5445.6442,2522.537,97,33.97,127.12,13,0.75
52833,5445.6381,2522.5496,98.4,33.97,127.12,13,0.75
52833,5445.6381,2522.5496,98.4,32.59,127.08,13,0.75
52834,5445.6325,2522.5624,99.4,32.59,127.08,12,0.8
52834,5445.6325,2522.5624,99.4,32.57,126.26,12,0.8
52835,5445.6271,2522.575,100.5,32.57,126.26,11,0.83
52835,5445.6271,2522.575,100.5,31.11,126.22,11,0.83
52836,5445.6216,2522.5872,101.6,31.11,126.22,12,0.8
52836,5445.6216,2522.5872,101.6,29.71,129.13,12,0.8
52837,5445.6165,2522.5986,102.7,29.71,129.13,11,0.83
52837,5445.6165,2522.5986,102.7,28.64,128.51,11,0.83
52838,5445.6111,2522.609,103.7,28.64,128.51,11,0.83
52838,5445.6111,2522.609,103.7,26.3,129.93,11,0.83
52839,5445.6063,2522.6197,103.6,26.3,129.93,13,0.73
52839,5445.6063,2522.6197,103.6,22.62,133.46,13,0.73
52840,5445.6012,2522.6282,103.5,22.62,133.46,12,0.79
52840,5445.6012,2522.6282,103.5,19.18,138.41,12,0.79
52841,5445.5972,2522.6346,103,19.18,138.41,12,0.79
52841,5445.5972,2522.6346,103,16.78,142.63,12,0.79
52842,5445.593,2522.6395,103.5,16.78,142.63,13,0.73
52842,5445.593,2522.6395,103.5,16,143.73,13,0.73
52843,5445.5894,2522.6442,103.5,16,143.73,12,0.77
52843,5445.5894,2522.6442,103.5,8.75,127.35,12,0.77
52844,5445.5883,2522.6473,104.1,8.75,127.35,12,0.82
52844,5445.5883,2522.6473,104.1,5.59,107.37,12,0.82
52845,5445.5883,2522.6499,104.5,5.59,107.37,13,0.73
52845,5445.5883,2522.6499,104.5,4.69,85,13,0.73
52846,5445.5889,2522.652,105.4,4.69,85,12,0.79
52846,5445.5889,2522.652,105.4,5.04,58.51,12,0.79
52847,5445.5899,2522.654,105.4,5.04,58.51,12,0.79
52847,5445.5899,2522.654,105.4,4.42,36.27,12,0.79
52848,5445.591,2522.6548,105,4.42,36.27,12,0.79
52848,5445.591,2522.6548,105,5.62,23.78,12,0.79
52849,5445.5928,2522.6554,104.6,5.62,23.78,12,0.79
52849,5445.5928,2522.6554,104.6,5.6,28.14,12,0.79
52850,5445.5949,2522.6562,104.7,5.6,28.14,13,0.73
52850,5445.5949,2522.6562,104.7,5.65,26.39,13,0.73
52851,5445.5967,2522.6572,104.6,5.65,26.39,13,0.73
52851,5445.5967,2522.6572,104.6,6.17,21.55,13,0.73
52852,5445.5985,2522.6578,104.7,6.17,21.55,14,0.7
52852,5445.5985,2522.6578,104.7,4.89,28.53,14,0.7
52853,5445.6002,2522.6585,104.6,4.89,28.53,13,0.73
52853,5445.6002,2522.6585,104.6,6.18,21.02,13,0.73
52854,5445.602,2522.6593,104.2,6.18,21.02,14,0.7
52854,5445.602,2522.6593,104.2,6.93,17.26,14,0.7
52855,5445.6039,2522.6599,104,6.93,17.26,14,0.7
52855,5445.6039,2522.6599,104,6.02,19.27,14,0.7
52856,5445.6056,2522.6606,103.6,6.02,19.27,14,0.7
52856,5445.6056,2522.6606,103.6,5.98,17.87,14,0.7
52857,5445.6074,2522.6612,103.2,5.98,17.87,14,0.7
52857,5445.6074,2522.6612,103.2,5.72,12.93,14,0.7
52858,5445.6094,2522.6623,103.2,5.72,12.93,14,0.7
52858,5445.6094,2522.6623,103.2,5,14.27,14,0.7
52859,5445.6109,2522.663,103.1,5,14.27,14,0.7
52859,5445.6109,2522.663,103.1,5,15.93,14,0.7
52900,5445.6129,2522.6641,102.9,5,15.93,14,0.7
52900,5445.6129,2522.6641,102.9,4.95,15.31,14,0.7
52901,5445.614,2522.6644,102.3,4.95,15.31,14,0.7
52901,5445.614,2522.6644,102.3,4.88,10.82,14,0.7
52902,5445.6157,2522.6652,102.2,4.88,10.82,14,0.7
52902,5445.6157,2522.6652,102.2,4.93,11.88,14,0.7
52903,5445.6176,2522.6661,102.2,4.93,11.88,14,0.7
52903,5445.6176,2522.6661,102.2,5.17,10.4,14,0.7
52904,5445.6199,2522.6666,102.3,5.17,10.4,13,0.72
52904,5445.6199,2522.6666,102.3,4.79,351.4,13,0.72
52905,5445.6216,2522.6665,102.5,4.79,351.4,14,0.75
52905,5445.6216,2522.6665,102.5,5.49,4.51,14,0.75
52906,5445.624,2522.6667,102.6,5.49,4.51,13,0.76
52906,5445.624,2522.6667,102.6,4.94,8.13,13,0.76
52907,5445.6255,2522.6665,102.7,4.94,8.13,14,0.75
52907,5445.6255,2522.6665,102.7,4.73,15.57,14,0.75
52908,5445.627,2522.667,102.7,4.73,15.57,14,0.75
52908,5445.627,2522.667,102.7,6.03,17.57,14,0.75
52909,5445.6296,2522.6674,103.2,6.03,17.57,12,0.79
52909,5445.6296,2522.6674,103.2,6.86,20.49,12,0.79
52910,5445.6321,2522.6683,104.3,6.86,20.49,13,0.75
52910,5445.6321,2522.6683,104.3,5.95,15.1,13,0.75
52911,5445.6339,2522.6691,104.2,5.95,15.1,14,0.7
52911,5445.6339,2522.6691,104.2,6.74,7.49,14,0.7
52912,5445.6367,2522.6699,105.4,6.74,7.49,12,0.79
52912,5445.6367,2522.6699,105.4,6.68,3.78,12,0.79
52913,5445.6395,2522.6702,106.1,6.68,3.78,13,0.72
52913,5445.6395,2522.6702,106.1,7.31,3.13,13,0.72
52914,5445.6426,2522.6705,106.4,7.31,3.13,13,0.72
52914,5445.6426,2522.6705,106.4,8.05,14.52,13,0.72
52915,5445.6458,2522.6728,106.6,8.05,14.52,14,0.7
52915,5445.6458,2522.6728,106.6,8.03,36.77,14,0.7
52916,5445.6486,2522.6762,106.6,8.03,36.77,14,0.7
52916,5445.6486,2522.6762,106.6,9.11,47.58,14,0.7
52917,5445.6507,2522.6816,107.8,9.11,47.58,14,0.7
52917,5445.6507,2522.6816,107.8,9.1,47.15,14,0.7
52918,5445.6521,2522.6867,108.9,9.1,47.15,12,0.79
52918,5445.6521,2522.6867,108.9,8.86,66.56,12,0.79
52919,5445.6536,2522.6919,109,8.86,66.56,12,0.77
52919,5445.6536,2522.6919,109,8.62,74.49,12,0.77
52920,5445.655,2522.6971,109.3,8.62,74.49,13,0.73
52920,5445.655,2522.6971,109.3,9.02,68.99,13,0.73
52921,5445.6564,2522.702,109.4,9.02,68.99,14,0.7
52921,5445.6564,2522.702,109.4,7.87,69.39,14,0.7
52922,5445.6574,2522.7067,109.3,7.87,69.39,13,0.73
52922,5445.6574,2522.7067,109.3,7.1,58.06,13,0.73
52923,5445.6581,2522.7103,109.3,7.1,58.06,14,0.7
52923,5445.6581,2522.7103,109.3,6.87,48.43,14,0.7
52924,5445.6592,2522.7137,108.7,6.87,48.43,14,0.74
52920.75365,5445.916546,2522.577374,120.2057006,32.56696999,30.34614255,14.59746087,0.692628022
52921.5863,5445.919995,2522.581303,120.2737809,32.57307197,30.30794353,14.60108114,0.692471938
52922.41894,5445.923444,2522.585232,120.3418613,32.57917395,30.2697445,14.60470141,0.692315855
52923.25159,5445.926893,2522.589161,120.4099416,32.58527593,30.23154548,14.60832168,0.692159771
52924.08423,5445.930342,2522.59309,120.4780219,32.59137791,30.19334645,14.61194195,0.692003688
52924.91688,5445.933791,2522.597019,120.5461023,32.59747989,30.15514743,14.61556222,0.691847605
52925.74952,5445.93724,2522.600948,120.6141826,32.60358187,30.1169484,14.61918249,0.691691521
52926.58216,5445.940689,2522.604877,120.6822629,32.60968385,30.07874938,14.62280276,0.691535438
52927.41481,5445.944138,2522.608806,120.7503432,32.61578583,30.04055036,14.62642303,0.691379354
52928.24745,5445.947587,2522.612735,120.8184236,32.62188781,30.00235133,14.63004331,0.691223271
52929.0801,5445.951036,2522.616664,120.8865039,32.62798979,29.96415231,14.63366358,0.691067188
52929.91274,5445.954485,2522.620593,120.9545842,32.63409177,29.92595328,14.63728385,0.690911104
52930.74539,5445.957934,2522.624522,121.0226645,32.64019375,29.88775426,14.64090412,0.690755021
52931.57803,5445.961383,2522.628451,121.0907449,32.64629573,29.84955524,14.64452439,0.690598937
52932.41067,5445.964832,2522.63238,121.1588252,32.65239771,29.81135621,14.64814466,0.690442854
52933.24332,5445.968281,2522.636309,121.2269055,32.65849969,29.77315719,14.65176493,0.690286771
52934.07596,5445.97173,2522.640238,121.2949858,32.66460167,29.73495816,14.6553852,0.690130687
52934.90861,5445.975179,2522.644167,121.3630662,32.67070365,29.69675914,14.65900547,0.689974604
52935.74125,5445.978628,2522.648096,121.4311465,32.67680563,29.65856012,14.66262574,0.68981852
52936.5739,5445.982076,2522.652025,121.4992268,32.68290761,29.62036109,14.66624601,0.689662437
52937.40654,5445.985525,2522.655954,121.5673072,32.68900959,29.58216207,14.66986628,0.689506354
52938.23918,5445.988974,2522.659883,121.6353875,32.69511157,29.54396304,14.67348655,0.68935027
52939.07183,5445.992423,2522.663812,121.7034678,32.70121355,29.50576402,14.67710682,0.689194187
52939.90447,5445.995872,2522.667741,121.7715481,32.70731553,29.46756499,14.68072709,0.689038104
52940.73712,5445.999321,2522.67167,121.8396285,32.71341751,29.42936597,14.68434736,0.68888202
52941.56976,5446.00277,2522.675599,121.9077088,32.71951949,29.39116695,14.68796763,0.688725937
52942.40241,5446.006219,2522.679528,121.9757891,32.72562147,29.35296792,14.6915879,0.688569853
52943.23505,5446.009668,2522.683457,122.0438694,32.73172345,29.3147689,14.69520817,0.68841377
52944.06769,5446.013117,2522.687386,122.1119498,32.73782543,29.27656987,14.69882844,0.688257687
52944.90034,5446.016566,2522.691315,122.1800301,32.74392741,29.23837085,14.70244871,0.688101603
52945.73298,5446.020015,2522.695244,122.2481104,32.75002939,29.20017183,14.70606898,0.68794552
52946.56563,5446.023464,2522.699173,122.3161908,32.75613137,29.1619728,14.70968925,0.687789436
52947.39827,5446.026913,2522.703102,122.3842711,32.76223335,29.12377378,14.71330952,0.687633353
52948.23092,5446.030362,2522.707031,122.4523514,32.76833533,29.08557475,14.71692979,0.68747727
52949.06356,5446.033811,2522.71096,122.5204317,32.77443731,29.04737573,14.72055006,0.687321186
52949.8962,5446.03726,2522.714889,122.5885121,32.78053929,29.00917671,14.72417033,0.687165103
52950.72885,5446.040709,2522.718818,122.6565924,32.78664127,28.97097768,14.7277906,0.687009019
52951.56149,5446.044158,2522.722747,122.7246727,32.79274325,28.93277866,14.73141087,0.686852936
52952.39414,5446.047607,2522.726676,122.792753,32.79884523,28.89457963,14.73503114,0.686696853
52953.22678,5446.051056,2522.730605,122.8608334,32.80494721,28.85638061,14.73865142,0.686540769
52954.05942,5446.054505,2522.734535,122.9289137,32.81104919,28.81818158,14.74227169,0.686384686
52954.89207,5446.057954,2522.738464,122.996994,32.81715117,28.77998256,14.74589196,0.686228602
52955.72471,5446.061403,2522.742393,123.0650743,32.82325315,28.74178354,14.74951223,0.686072519
52956.55736,5446.064852,2522.746322,123.1331547,32.82935513,28.70358451,14.7531325,0.685916436
52957.39,5446.068301,2522.750251,123.201235,32.83545711,28.66538549,14.75675277,0.685760352
52958.22265,5446.07175,2522.75418,123.2693153,32.84155909,28.62718646,14.76037304,0.685604269
52959.05529,5446.075199,2522.758109,123.3373957,32.84766107,28.58898744,14.76399331,0.685448186
52959.88793,5446.078648,2522.762038,123.405476,32.85376305,28.55078842,14.76761358,0.685292102
52960.72058,5446.082097,2522.765967,123.4735563,32.85986503,28.51258939,14.77123385,0.685136019
52961.55322,5446.085546,2522.769896,123.5416366,32.86596701,28.47439037,14.77485412,0.684979935
